,,,,,,,,,,,
,Leitao I,,Lampaert Y.,,Sagan P.,,Askey L.,,van der Poel M.,,Gee D.
,Verona C.,,Jacobs J.,,Sénéchal F.,,Bohli T.,,Ganna F.,,Garofoli G.
,Reinderink P.,,Biermans J.,,Jeannière E.,,Vauquelin K.,,Teunissen M.,,Gidich Y.
,van Sintmaartensdijk R.,,Halvorsen K.,,Russo C.,,Pollefliet G.,,Balderstone A.,,Wandahl F.
,Aberasturi J.,,Gautherat P.,,Pasqualon A.,,Camargo D.,,Degenkolb J.,,Whelan J.
,Heidemann M.,,Dekker D.,,Gruel T.,,Gudmestad T.,,Hollmann J.,,Maciejuk F.
,Sobrero M.,,Guerreiro R.,,Rangel Costa V.,,Ballerini D.,,Philipsen J.,,Pickrell R.
,#N/A,,#N/A,,#N/A,,#N/A,,#N/A,,#N/A
,,,,,,,,,,,
,,,,,,,,,,,
,Zingle A.,,Kristoff A.,,van Aert W.,,Alaphilippe J.,,Laporte C.,,Pedersen M.
,Lutsenko A.,,Rex L.,,Küng S.,,Mohoric M.,,Abrahamsen J.,,Turner B.
,Oliveira R.,,Kielich T.,,van Baarle D.,,Izagirre G.,,Roosen T.,,Penhoët P.
,Barbier P.,,Beullens C.,,Joyce C.,,Turgis A.,,Valgren M.,,De Pooter D.
,Rajovic D.,,Sajnok S.,,Dversnes F.,,Valter A.,,Le Berre M.,,Wisniowski L.
,Huens A.,,Drizners J.,,Van Moer B.,,Mihkels M.,,Davy C.,,Jansen A.G.
,Latour P.,,Viviani A.,,Warlop J.,,Van Asbroeck T.,,Armirail B.,,Reyes A.
,#N/A,,#N/A,,#N/A,,#N/A,,#N/A,,#N/A
,,,,,,,,,,,
,,,,,,,,,,,
,Politt N.,,Teuns D.,,Sheffield M.,,De Lie A.,,Asgreen K.,,Girmay B.
,De Gendt A.,,De Bondt D.,,Magnier P.,,Touzé D.,,Houle H.,,Adrià R.
,Haller M.,,Paquot T.,,Campenaerts V.,,Hermans Q.,,Merlier T.,,García Cortina I.
,Geniets K.,,Geleijn O.,,De Pestel S.,,Fretin M.,,Van Hooydonck N.,,Van Gestel D.
,Kirsch A.,,Gebreigzabhier A.,,Brunel A.,,Krieger A.,,Larsen N.,,Venturini C.
,O'Brien K.,,Plowright J.,,Buratti N.,,Strong C.,,Scotson C.,,Mendonça L.
,Ludvigsson T.,,Leemreize G.,,Umba S.,,Christophersen C.B.,,Peák B.,,Van Keirsbulck G.
,#N/A,,#N/A,,#N/A,,#N/A,,#N/A,,#N/A
,,,,,,,,,,,
,,,,,,,,,,,
,Matthews M.,,Bettiol A.,,Pidcock T.,,Baroncini F.,,Naesen O.,,Démare A.
,Watson S.,,Bystrøm S.E.,,Godon D.,,Oldani S.,,Vermeersch G.,,Benoot T.
,Dewulf S.,,Theuns E.,,Grondin D.,,Braet V.,,Hollenstein R.,,Kragh Andersen S.
,Price-Pejtersen J.,,Rutsch J.,,Hofstetter H.,,Edmondson A.,,Orins R.,,Doull O.
,Vermeersch F.,,Persico D.,,Arensman T.,,Wallays J.,,Raisberg N.,,van Tricht S.
,Tiller R.,,Petit A.,,Würtz Schmidt M.,,Janssens J.,,Banaszek A.,,Gelders G.
,Eenkhoorn P.,,Franco A.,,Knight O.,,Vanbilsen K.,,Steimle J.,,Keukeleire J.
,#N/A,,#N/A,,#N/A,,#N/A,,#N/A,,#N/A