id,apellido,nombre,nom_ape
2515,Bizkarra,Mikel,Bizkarra M.
2548,Van der Sande,Tosh,Van der Sande T.
11518,Pira,Yesid Albeiro,Pira Y.A.
7086,Peña Jiménez,Jesús David,Peña Jiménez J.D.
7087,Buitrago,Santiago,Buitrago S.
5798,Zimmermann,Georg,Zimmermann G.
3442,Campenaerts,Victor,Campenaerts V.
3763,Martínez,Daniel,Martínez D.
3705,López,Miguel Ángel,López M.Á.
11172,Babor,Daniel,Babor D.
6309,De Pestel,Sander,De Pestel S.
6247,Narváez,Jhonatan,Narváez J.
6057,Molano,Sebastian,Molano S.
7068,Brunel,Alexys,Brunel A.
7438,Umba,Santiago,Umba S.
2074,Chaves,Esteban,Chaves E.
2850,Brandão,Jóni,Brandão J.
1000,Buratti,Nicolo,Buratti N.
7621,Gómez,Germán Dario,Gómez G.D.
12448,Sheffield,Magnus,Sheffield M.
6181,Foss,Tobias,Foss T.
5732,Scully,Tom,Scully T.
7113,Aular,Orluis,Aular O.
5644,Contreras,Rodrigo,Contreras R.
6742,Goossens,Kobe,Goossens K.
6643,Otruba,Jakub,Otruba J.
14321,Poole,Max,Poole M.
3945,Bevin,Patrick,Bevin P.
6864,Weemaes,Sasha,Weemaes S.
13453,Magnier,Paul,Magnier P.
126,Hermans,Ben,Hermans B.
13469,López,Joseba,López J.
5966,Shaw,James,Shaw J.
6346,Jeannière,Emilien,Jeannière E.
6003,Díaz,José Manuel,Díaz J.M.
6770,Evenepoel,Remco,Evenepoel R.
3341,Robeet,Ludovic,Robeet L.
13468,Cobo,Ivan,Cobo I.
2949,Costiou,Ewen,Costiou E.
3067,Meintjes,Louis,Meintjes L.
7376,Kelemen,Petr,Kelemen P.
6380,Russo,Clément,Russo C.
7095,Cepeda,Alexander,Cepeda A.
5897,Hamilton,Chris,Hamilton C.
6086,van den Berg,Lars,van den Berg L.
3481,Novak,Domen,Novak D.
6032,Stork,Florian,Stork F.
6971,López,Juan Pedro,López J.P.
11194,Iribar,Unai,Iribar U.
2422,Bilbao,Pello,Bilbao P.
2407,Pasqualon,Andrea,Pasqualon A.
10299,Berasategi,Xabier,Berasategi X.
12558,Rangel Costa,Vinicius,Rangel Costa V.
1947,Sagan,Peter,Sagan P.
6457,van den Berg,Marijn,van den Berg M.
12034,Tronchon,Bastien,Tronchon B.
3405,Sénéchal,Florian,Sénéchal F.
5753,Eg,Niklas,Eg N.
13757,Mikutis,Aivaras,Mikutis A.
10149,Gruel,Thibaud,Gruel T.
14256,Vernon,Ethan,Vernon E.
7304,Leemreize,Gijs,Leemreize G.
12011,Tarling,Joshua,Tarling J.
6581,Badilatti,Matteo,Badilatti M.
10946,Segaert,Alec,Segaert A.
7381,Van De Paar,Jarne,Van De Paar J.
3820,De Bondt,Dries,De Bondt D.
7250,Fetter,Erik,Fetter E.
6357,Gebreigzabhier,Amanuel,Gebreigzabhier A.
5304,De Plus,Laurens,De Plus L.
3148,Schönberger,Sebastian,Schönberger S.
3854,Taminiaux,Lionel,Taminiaux L.
1992,Landa,Mikel,Landa M.
3685,Teuns,Dylan,Teuns D.
12546,Clynhens,Toon,Clynhens T.
13485,Tesson,Jason,Tesson J.
6367,Pernsteiner,Hermann,Pernsteiner H.
1382,Cabot,Jérémy,Cabot J.
7301,Geleijn,Owen,Geleijn O.
7354,Van der Beken,Aaron,Van der Beken A.
3460,Vermeulen,Emiel,Vermeulen E.
14245,Walls,Matthew,Walls M.
5303,Cras,Steff,Cras S.
13195,Bévort,Carl-Frederik,Bévort C.F.
536,Foldager,Anders,Foldager A.
6417,Samitier,Sergio,Samitier S.
2626,Groenewegen,Dylan,Groenewegen D.
7468,Plowright,Jensen,Plowright J.
6436,Paquot,Tom,Paquot T.
7161,Canal,Carlos,Canal C.
4047,Kragh Andersen,Søren,Kragh Andersen S.
1963,Keukeleire,Jens,Keukeleire J.
3942,Rota,Lorenzo,Rota L.
13208,Gelders,Gil,Gelders G.
6748,Marit,Arne,Marit A.
3146,Pöstlberger,Lukas,Pöstlberger L.
6920,Engelhardt,Felix,Engelhardt F.
6196,Lecroq,Jérémy,Lecroq J.
13165,Nys,Thibau,Nys T.
3461,Doull,Owain,Doull O.
7130,van Tricht,Stan,van Tricht S.
3300,Bouwman,Koen,Bouwman K.
3687,Benoot,Tiesj,Benoot T.
12600,Camprubí,Marcel,Camprubí M.
7255,Dina,Márton,Dina M.
2544,Démare,Arnaud,Démare A.
11442,Adamietz,Johannes,Adamietz J.
7480,Brussenskiy,Gleb,Brussenskiy G.
12431,Kubiš,Lukáš,Kubiš L.
3617,Bauhaus,Phil,Bauhaus P.
7090,Rivera,Brandon,Rivera B.
3690,Boudat,Thomas,Boudat T.
7094,Bais,Mattia,Bais M.
6677,Weiss,Fabian,Weiss F.
5633,Martin,Guillaume,Martin G.
6312,Ghys,Robbe,Ghys R.
12787,Hagenes,Per Strand,Hagenes P.S.
6617,Suter,Joel,Suter J.
3715,Haig,Jack,Haig J.
14352,Contador,Alberto,Contador A.
14356,Espectador,E.,Espectador E.
14354,Valverde,Alejandro,Valverde A.
14355,Espectador,D.,Espectador D.
14353,Indurain,Miguel,Indurain M.
14253,Vercher,Mattéo,Vercher M.
12952,Gonzalez,Abner,Gonzalez Ab.
14338,Thompson,Rueben,Thompson R.
6422,Zijlaard,Maikel,Zijlaard M.
7303,Kooij,Olav,Kooij O.
3859,Pedersen,Casper,Pedersen C.
3662,Figueiredo,Frederico,Figueiredo F.
5675,Ciccone,Giulio,Ciccone G.
3484,Mullen,Ryan,Mullen R.
7122,Beullens,Cédric,Beullens C.
11759,Craps,Lars,Craps L.
3777,Capiot,Amaury,Capiot A.
6001,Vendrame,Andrea,Vendrame A.
6000,Sosa,Iván,Sosa I.
7072,Hänninen,Jaakko,Hänninen J.
14064,Lemmen,Bart,Lemmen B.
14343,Okamika,Ander,Okamika A.
1939,Kristoff,Alexander,Kristoff A.
14327,Lund Andersen,Tobias,Lund Andersen T.
7190,Drizners,Jarrad,Drizners J.
10502,Mahoudo,Nolann,Mahoudo N.
3060,Coquard,Bryan,Coquard B.
7040,Rex,Laurenz,Rex L.
14183,Kielich,Timo,Kielich T.
14278,Gloag,Thomas,Gloag T.
6629,Viviani,Attilio,Viviani A.
7051,Bagioli,Andrea,Bagioli A.
6386,Sajnok,Szymon,Sajnok S.
7224,Lipowitz,Florian,Lipowitz F.
7284,Page,Hugo,Page H.
6895,Peák,Barnabás,Peák B.
7286,Onley,Oscar,Onley O.
2389,Houle,Hugo,Houle H.
300,Konovalovas,Ignatas,Konovalovas I.
5412,Van Hooydonck,Nathan,Van Hooydonck N.
12740,Lührs,Luis-Joe,Lührs L.J.
7156,Kolze Changizi,Sebastian,Kolze Changizi S.
6201,Kron,Andreas,Kron A.
5001,Moscon,Gianni,Moscon G.
6692,Leknessund,Andreas,Leknessund A.
6326,Scotson,Callum,Scotson C.
14279,Hellemose,Asbjørn,Hellemose A.
14275,Blouwe,Louis,Blouwe L.
6313,Thijssen,Gerben,Thijssen G.
2543,Bardet,Romain,Bardet R.
6331,Hirschi,Marc,Hirschi M.
5752,Larsen,Niklas,Larsen N.
7383,Vandenabeele,Henri,Vandenabeele H.
5750,Asgreen,Kasper,Asgreen K.
3103,Rafferty,Darren,Rafferty D.
5979,Merlier,Tim,Merlier T.
2683,Trentin,Matteo,Trentin M.
7358,Hayter,Leo,Hayter L.
7054,Tejada,Harold,Tejada H.
6799,Fortunato,Lorenzo,Fortunato L.
3024,Mezgec,Luka,Mezgec L.
7298,Ballerstedt,Maurice,Ballerstedt M.
6393,Storer,Michael,Storer M.
432,Amador,Andrey,Amador A.
5765,Gamper,Patrick,Gamper P.
3915,Oomen,Sam,Oomen S.
1948,Viviani,Elia,Viviani E.
12659,del Toro,Isaac,del Toro I.
3883,Gradek,Kamil,Gradek K.
3984,Thomas,Benjamin,Thomas B.
13470,Zingle,Axel,Zingle A.
6879,Kluckers,Arthur,Kluckers A.
3994,Riesebeek,Oscar,Riesebeek O.
6304,van den Berg,Julius,van den Berg J.
797,Swift,Ben,Swift B.
6320,Barbier,Pierre,Barbier P.
13420,Double,Paul,Double P.
770,Labrosse,Jordan,Labrosse J.
3702,Latour,Pierre,Latour P.
3359,Haga,Chad,Haga C.
7064,Rubio,Einer,Rubio E.
7158,Blume Levy,William,Blume Levy W.
3367,Yates,Adam,Yates A.
6387,Padun,Mark,Padun M.
6099,Rajovic,Dušan,Rajovic D.
6248,Oliveira,Rui,Oliveira R.
6765,Vergallito,Luca,Vergallito L.
14249,Plapp,Lucas,Plapp L.
5501,Bidard,François,Bidard F.
12076,Christen,Fabio,Christen F.
3044,Lutsenko,Alexey,Lutsenko A.
1303,Huens,Axel,Huens A.
7465,Dinham,Matthew,Dinham M.
6750,Van Gils,Maxim,Van Gils M.
13176,Berckmoes,Jenno,Berckmoes J.
6913,Heiduk,Kim,Heiduk K.
5965,Scotson,Miles,Scotson M.
6395,Guernalec,Thibault,Guernalec T.
6377,Fabbro,Matteo,Fabbro M.
5804,Hoelgaard,Markus,Hoelgaard M.
13351,Kogut,Odet,Kogut O.
5986,Schultz,Nick,Schultz N.
6056,Higuita,Sergio,Higuita S.
882,Izagirre,Gorka,Izagirre G.
178,Mihkels,Madis,Mihkels M.
3321,Carvalho,António,Carvalho A.
14246,Vacek,Mathias,Vacek M.
12960,Dolven,Halvor,Dolven H.
3636,Piccoli,James,Piccoli J.
6771,Caicedo,Jonathan,Caicedo J.
699,Azparren,Enekoitz,Azparren E.
3365,Alaphilippe,Julian,Alaphilippe J.
2799,Fortin,Filippo,Fortin F.
1978,de la Cruz,David,de la Cruz D.
2715,Van Asbroeck,Tom,Van Asbroeck T.
3360,Mohoric,Matej,Mohoric M.
7088,Wright,Fred,Wright F.
3924,Geoghegan Hart,Tao,Geoghegan Hart T.
7518,Huby,Antoine,Huby A.
7362,Wilksch,Hannes,Wilksch H.
6762,Meisen,Marcel,Meisen M.
7014,Valter,Attila,Valter A.
3713,Turgis,Anthony,Turgis A.
12113,Orins,Robin,Orins R.
12449,Ayuso,Juan,Ayuso J.
7361,van Uden,Casper,van Uden C.
6327,Sivakov,Pavel,Sivakov P.
5988,Flórez,Miguel,Flórez M.
13452,Johannessen,Tobias Halland,Johannessen T.H.
12639,Repa,Vojtech,Repa V.
7033,Lapeira,Paul,Lapeira P.
6208,Gibson,Matthew,Gibson M.
14274,Vader,Milan,Vader M.
6967,Martingil,Cesar,Martingil C.
7432,Vargas,Walter,Vargas W.
5939,Ackermann,Pascal,Ackermann P.
5796,Steimle,Jannik,Steimle J.
3109,Bruttomesso,Alberto,Bruttomesso A.
5650,Restrepo,Jhonatan,Restrepo Jh.
7192,Skjelmose Jensen,Mattias,Skjelmose Jensen M.
3714,Vervaeke,Louis,Vervaeke L.
3741,McLay,Daniel,McLay D.
3879,Martinez,Lenny,Martinez L.
5306,Frison,Frederik,Frison F.
3779,Naesen,Oliver,Naesen O.
5649,Bernard,Julien,Bernard J.
6784,Einhorn,Itamar,Einhorn I.
6766,Vermeersch,Gianni,Vermeersch G.
5678,Banaszek,Alan,Banaszek A.
2321,Vermeltfoort,Coen,Vermeltfoort C.
111,Hollenstein,Reto,Hollenstein R.
6689,Vanhoucke,Harm,Vanhoucke H.
13318,Raisberg,Nadav,Raisberg N.
5996,Allegaert,Piet,Allegaert P.
7073,Jacobs,Johan,Jacobs J.
5803,Halvorsen,Kristoffer,Halvorsen K.
3580,Koishi,Yuma,Koishi Y.
13421,Hollyman,Mason,Hollyman M.
3125,Lampaert,Yves,Lampaert Y.
7391,Sánchez,Eugenio,Sánchez E.
3760,Busatto,Francesco,Busatto F.
1381,Biermans,Jenthe,Biermans J.
12743,Gautherat,Pierre,Gautherat P.
2523,Bennett,George,Bennett G.
10810,Safarzadeh,Saeeid,Safarzadeh S.
3368,Yates,Simon,Yates S.
6462,Dekker,David,Dekker D.
7491,Martinelli,Alessio,Martinelli A.
3317,Rodrigues,João,Rodrigues J.
5637,Gaviria,Fernando,Gaviria F.
3030,Wellens,Tim,Wellens T.
6374,Hamilton,Lucas,Hamilton L.
7100,Louvel,Matis,Louvel M.
7649,Heming,Miká,Heming M.
7125,Chevalier,Maxime,Chevalier M.
5602,Calmejane,Lilian,Calmejane L.
3925,Guerreiro,Ruben,Guerreiro R.
3011,Cort,Magnus,Cort M.
12772,Riccitello,Matthew,Riccitello M.
4066,Gogl,Michael,Gogl M.
14285,Zwiehoff,Ben,Zwiehoff B.
11212,Todome,Yuhi,Todome Y.
14231,Løland,Sakarias Koller,Løland S.K.
14291,García,Raúl,García R.
14276,Zambanini,Edoardo,Zambanini E.
6300,Jakobsen,Fabio,Jakobsen F.
10906,Hajek,Alexander,Hajek A.
6569,Arensman,Thymen,Arensman T.
2714,Lietaer,Eliot,Lietaer E.
6501,Pidcock,Tom,Pidcock T.
3916,Tolhoek,Antwan,Tolhoek A.
2553,Bol,Jetse,Bol J.
12991,Sheehan,Riley,Sheehan R.
7047,Grondin,Donavan,Grondin D.
3388,Stuyven,Jasper,Stuyven J.
3700,Soler,Marc,Soler M.
7386,Paret-Peintre,Valentin,Paret-Peintre V.
3863,Tanfield,Harry,Tanfield H.
6570,Meeus,Jordi,Meeus J.
5958,Godon,Dorian,Godon D.
12073,Knight,Oliver,Knight O.
6295,Affini,Edoardo,Affini E.
6252,McNulty,Brandon,McNulty B.
3215,Würtz Schmidt,Mads,Würtz Schmidt M.
6088,Almeida,João,Almeida J.
566,Urán,Rigoberto,Urán R.
2463,Serry,Pieter,Serry P.
2346,Skujinš,Toms,Skujinš T.
5635,Hofstetter,Hugo,Hofstetter H.
11875,Gojkovic,Nicolas,Gojkovic N.
5793,Powless,Neilson,Powless N.
2318,Vermote,Julien,Vermote J.
6096,Tivani,Nicolás,Tivani N.
11637,Turner,Ben,Turner B.
12184,Merchan,Didier,Merchan D.
6354,de Bod,Stefan,de Bod S.
7093,Covi,Alessandro,Covi A.
7285,Penhoët,Paul,Penhoët P.
7032,Jorgenson,Matteo,Jorgenson M.
6811,Vermaerke,Kevin,Vermaerke K.
7372,Tesfatsion,Natnael,Tesfatsion N.
13861,Pithie,Laurence,Pithie L.
11207,Piganzoli,Davide,Piganzoli D.
7563,Kench,Joshua,Kench J.
11230,Kopecky,Tomas,Kopecky T.
3901,Bax,Sjoerd,Bax S.
3788,Wisniowski,Lukasz,Wisniowski L.
3140,Großschartner,Felix,Großschartner F.
3232,Iturria,Mikel,Iturria M.
1937,van der Lee,Jardi Christiaan,van der Lee J.C.
3398,Conti,Valerio,Conti V.
14314,Rootkin-Gray,Jack,Rootkin-Gray J.
3347,Jansen,Amund Grøndahl,Jansen A.G.
14306,De Pooter,Dries,De Pooter D.
3369,Le Gac,Olivier,Le Gac O.
2858,Antunes,Amaro,Antunes A.
6061,Reyes,Aldemar,Reyes A.
6713,Zana,Filippo,Zana F.
5990,Naesen,Lawrence,Naesen L.
5899,de Vos,Adam,de Vos A.
3564,Pedersen,Mads,Pedersen M.
5956,Carretero,Héctor,Carretero H.
2845,Pellaud,Simon,Pellaud S.
6077,Moniquet,Sylvain,Moniquet S.
754,Poels,Wout,Poels W.
11402,Parra,José Félix,Parra J.F.
2327,Nizzolo,Giacomo,Nizzolo G.
1052,Bomboi,Davide,Bomboi D.
2541,Elissonde,Kenny,Elissonde K.
10768,Christophersen,Cedrik Bakke,Christophersen C.B.
5405,van den Broek,Frank,van den Broek F.
3688,Ledanois,Kévin,Ledanois K.
6572,Bayer,Tobias,Bayer T.
6538,Juaristi,Txomin,Juaristi T.
6188,Touzé,Damien,Touzé D.
5744,Kanter,Max,Kanter M.
5617,Krieger,Alexander,Krieger A.
11081,Romo,Javier,Romo J.
3098,Fernández,Rubén,Fernández R.
7472,Chzhan,Igor,Chzhan I.
10151,Fretin,Milan,Fretin M.
7098,Hermans,Quinten,Hermans Q.
6994,Morgado,António,Morgado A.
3363,Formolo,Davide,Formolo D.
7129,Strong,Corbin,Strong C.
13467,Prodhomme,Nicolas,Prodhomme N.
13406,Slock,Liam,Slock L.
13471,Uijtdebroeks,Cian,Uijtdebroeks C.
13212,De Lie,Arnaud,De Lie A.
6311,Dewulf,Stan,Dewulf S.
14264,Watson,Samuel,Watson S.
11857,Duarte,Emanuel,Duarte E.
6322,Eenkhoorn,Pascal,Eenkhoorn P.
13567,Krijnsen,Jelte,Krijnsen J.
6330,Welten,Bram,Welten B.
7166,Pinazzi,Mattia,Pinazzi M.
6183,Tiller,Rasmus,Tiller R.
3392,Dillier,Silvan,Dillier S.
7382,Van Eetvelt,Lennert,Van Eetvelt L.
11217,Iserbyt,Eli,Iserbyt E.
14143,Syritsa,Gleb,Syritsa G.
5834,Isasa,Xabier,Isasa X.
5672,Bernal,Egan,Bernal E.
13472,Ponomar,Andrii,Ponomar A.
3288,Hirt,Jan,Hirt J.
6609,Bissegger,Stefan,Bissegger S.
6806,Côté,Pier-André,Côté P.A.
2319,Matthews,Michael,Matthews M.
6588,Price-Pejtersen,Johan,Price-Pejtersen J.
6773,Stannard,Robert,Stannard R.
2069,Lecerf,William Junior,Lecerf W.J.
1922,Pinot,Thibaut,Pinot T.
7117,Lazkano,Oier,Lazkano O.
10571,Christen,Jan,Christen J.
6584,Norsgaard,Mathias,Norsgaard M.
6843,Colleoni,Kevin,Colleoni K.
13668,Miquel,Pau,Miquel P.
7037,Vermeersch,Florian,Vermeersch F.
14337,Sánchez,Pelayo,Sánchez P.
5502,Cosnefroy,Benoît,Cosnefroy B.
5512,Rochas,Rémy,Rochas R.
13321,Guerin,Alexis,Guerin A.
6407,Serrano,Gonzalo,Serrano G.
6375,Hodeg,Álvaro,Hodeg Á.
6720,Märkl,Niklas,Märkl N.
7066,Vansevenant,Mauri,Vansevenant M.
7109,Carr,Simon,Carr S.
7249,Fancellu,Alessandro,Fancellu A.
14160,van Belle,Loe,van Belle L.
5957,Carapaz,Richard,Carapaz R.
5963,Vincent,Léo,Vincent L.
6175,Rutsch,Jonas,Rutsch J.
12738,Franco,Alejandro,Franco A.
11237,Arrieta,Igor,Arrieta I.
2333,Petit,Adrien,Petit A.
3334,Räim,Mihkel,Räim M.
3445,Theuns,Edward,Theuns E.
3842,Kämna,Lennard,Kämna L.
3701,Bystrøm,Sven Erik,Bystrøm S.E.
3566,Vinjebo,Emil,Vinjebo E.
3158,Vangheluwe,Warre,Vangheluwe W.
3026,Warbasse,Larry,Warbasse L.
2713,Declercq,Tim,Declercq T.
3190,Gate,Aaron,Gate A.
2452,Bennett,Sam,Bennett S.
14266,Persico,Davide,Persico D.
14324,De Pretto,Davide,De Pretto D.
3917,Tusveld,Martijn,Tusveld M.
3362,Bettiol,Alberto,Bettiol A.
7305,Ryan,Archie,Ryan A.
2317,Van Keirsbulck,Guillaume,Van Keirsbulck G.
6249,Oliveira,Ivo,Oliveira I.
5310,Leysen,Senne,Leysen S.
6745,Herregodts,Rune,Herregodts R.
6253,Kuss,Sepp,Kuss S.
7126,Frigo,Marco,Frigo M.
7193,Schmid,Mauro,Schmid M.
2412,Majka,Rafal,Majka R.
3932,Barta,William,Barta W.
5106,García Cortina,Iván,García Cortina I.
6200,Lienhard,Fabian,Lienhard F.
5318,Van Gestel,Dries,Van Gestel D.
3387,Ewan,Caleb,Ewan C.
5510,Peters,Nans,Peters N.
6027,Eekhoff,Nils,Eekhoff N.
11390,Adrià,Roger,Adrià R.
6906,Mendonça,Luis,Mendonça L.
3792,Malecki,Kamil,Malecki K.
3406,Venturini,Clément,Venturini C.
6972,Swift,Connor,Swift C.
3377,Barbier,Rudy,Barbier R.
12709,Herzog,Emil,Herzog E.
1380,Doubey,Fabien,Doubey F.
7110,Girmay,Biniam,Girmay B.
7359,Leijnse,Enzo,Leijnse E.
14062,Faure-Prost,Alexy,Faure-Prost A.
7380,Van Boven,Luca,Van Boven L.
7010,Aniolkowski,Stanislaw,Aniolkowski S.
7278,Askey,Lewis,Askey L.
6350,Burgaudeau,Mathieu,Burgaudeau M.
7221,Staune-Mittet,Johannes,Staune-Mittet J.
12424,Kepplinger,Rainer,Kepplinger R.
7370,Mulubrhan,Henok,Mulubrhan H.
7393,Vauquelin,Kévin,Vauquelin K.
7219,Holter,Adne,Holter A.
264,Boasson Hagen,Edvald,Boasson Hagen E.
7153,Gudmestad,Tord,Gudmestad T.
4,Madouas,Valentin,Madouas V.
1008,Cavendish,Mark,Cavendish M.
6517,Træen,Torstein,Træen T.
937,Pollefliet,Gianluca,Pollefliet G.
13391,Berhe,Welay Hagos,Berhe W.H
3902,Bol,Cees,Bol C.
3914,Nieuwenhuis,Joris,Nieuwenhuis J.
12674,Lopez,Harold Martin,Lopez H.M.
3390,Gougeard,Alexis,Gougeard A.
3397,Bonifazio,Niccolò,Bonifazio N.
3931,Ballerini,Davide,Ballerini D.
3022,Barguil,Warren,Barguil W.
7479,Fedorov,Yevgeniy,Fedorov Y.
5999,Masnada,Fausto,Masnada F.
2554,Kelderman,Wilco,Kelderman W.
12182,Camargo,Diego,Camargo D.
5402,Bohli,Tom,Bohli T.
7052,Pronskiy,Vadim,Pronskiy V.
7091,Rodriguez,Carlos,Rodriguez Ca.
6809,Quinn,Sean,Quinn S.
12969,Pickrell,Riley,Pickrell R.
3695,Sarreau,Marc,Sarreau M.
10164,Grégoire,Romain,Grégoire R.
7050,Battistella,Samuele,Battistella S.
14301,Welsford,Sam,Welsford S
6897,Dainese,Alberto,Dainese A.
6392,Hindley,Jai,Hindley J.
7092,Van Wilder,Ilan,Van Wilder I.
7287,Stewart,Jake,Stewart J.
14322,Garofoli,Gianmarco,Garofoli G.
7061,Finé,Eddy,Finé E.
3716,Buchmann,Emanuel,Buchmann E.
12923,Krasts,Alekss,Krasts A.
6368,Gidich,Yevgeniy,Gidich Y.
5984,Aranburu,Alex,Aranburu A.
2268,Tratnik,Jan,Tratnik J.
12986,Gee,Derek,Gee D.
6599,Maciejuk,Filip,Maciejuk F.
11688,Pellizzari,Giulio,Pellizzari G.
3235,Carthy,Hugh,Carthy H.
6735,Whelan,James,Whelan J.
3028,van Poppel,Danny,van Poppel D.
5631,Pedrero,Antonio,Pedrero A.
6548,Moschetti,Matteo,Moschetti M.
7635,Milan,Jonathan,Milan J.
7157,Wandahl,Frederik,Wandahl F.
7517,Gutiérrez,Jorge,Gutiérrez J.
6872,Wærenskjold,Søren,Wærenskjold S.
3197,Mühlberger,Gregor,Mühlberger G.
14300,Paige,Charlie,Paige C.
2441,Haller,Marco,Haller M.
3372,Polanc,Jan,Polanc J.
3386,Howson,Damien,Howson D.
3628,Politt,Nils,Politt N.
3291,Kirsch,Alex,Kirsch A.
11671,Romeo,Ivan,Romeo I.
3048,Cattaneo,Mattia,Cattaneo M.
3678,Petilli,Simone,Petilli S.
6904,Pluimers,Rick,Pluimers R.
14302,O'Brien,Kelland,O'Brien K.
2525,Craddock,Lawson,Craddock L.
2802,Rosskopf,Joey,Rosskopf J.
3981,Pacher,Quentin,Pacher Q.
2695,Ludvigsson,Tobias,Ludvigsson T.
6805,Lonardi,Giovanni,Lonardi G.
1074,Thomas,Geraint,Thomas G.
14323,Paleni,Enzo,Paleni E.
1981,Kwiatkowski,Michal,Kwiatkowski M.
3038,Dennis,Rohan,Dennis R.
13854,Currie,Logan,Currie L.
7107,Scaroni,Cristian,Scaroni C.
5735,De Gendt,Aimé,De Gendt A.
6334,Geniets,Kevin,Geniets K.
6376,Knox,James,Knox J.
6195,Vingegaard,Jonas,Vingegaard J.
1913,Felline,Fabio,Felline F.
7226,Steinhauser,Georg,Steinhauser G.
6372,Conci,Nicola,Conci N.
3817,Hagen,Carl Fredrik,Hagen C.F.
3041,Jungels,Bob,Jungels B.
10949,Calzoni,Walter,Calzoni W.
6335,Champoussin,Clément,Champoussin C.
6324,Philipsen,Jasper,Philipsen J.
2656,Grmay,Tsgabu,Grmay T.
3088,Cerný,Josef,Cerný J.
2800,Laengen,Vegard Stake,Laengen V.S.
7082,Renard,Alexis,Renard A.
6443,Carpenter,Robin,Carpenter R.
7151,Muff,Frederik,Muff F.
13438,Healy,Ben,Healy B.
7206,Uhlig,Henri,Uhlig H.
14247,Milesi,Lorenzo,Milesi L.
2006,Osborne,Jason,Osborne J.
6764,van der Poel,Mathieu,van der Poel M.
3271,Reis,Rafael,Reis R.
6640,Hollmann,Juri,Hollmann J.
3699,Teunissen,Mike,Teunissen M.
1269,Degenkolb,John,Degenkolb J.
5943,Ganna,Filippo,Ganna F.
12353,Verre,Alessandro,Verre A.
7489,Tiberi,Antonio,Tiberi A.
7384,Baudin,Alex,Baudin A.
12774,Lamperti,Luke,Lamperti L.
5852,Balderstone,Abel,Balderstone A.
5955,Mas,Enric,Mas E.
7533,Jackson,George,Jackson G.
3404,Laporte,Christophe,Laporte C.
6706,Fedeli,Alessandro,Fedeli A.
7308,van Dijke,Tim,van Dijke T.
6623,Liepinš,Emils,Liepinš E.
14318,Germani,Lorenzo,Germani L.
6738,Mozzato,Luca,Mozzato L.
3371,Zabel,Rick,Zabel R.
5970,Gibbons,Ryan,Gibbons R.
6688,Paret-Peintre,Aurélien,Paret-Peintre A.
3280,Roglic,Primož,Roglic P.
3257,Schachmann,Maximilian,Schachmann M.
13466,Zanoncello,Enrico,Zanoncello E.
7490,Piccolo,Andrea,Piccolo A.
3361,Villella,Davide,Villella D.
5964,Frankiny,Kilian,Frankiny K.
4048,Gregaard,Jonas,Gregaard J.
12123,Ronhaar,Pim,Ronhaar P.
7280,Davy,Clément,Davy C.
2510,Sütterlin,Jasha,Sütterlin J.
13415,Johnston,Calum,Johnston C.
7306,van der Tuuk,Axel,van der Tuuk A.
7299,Boven,Lars,Boven L.
3672,Carboni,Giovanni,Carboni G.
3957,Armirail,Bruno,Armirail B.
12465,Le Berre,Mathis,Le Berre M.
2693,Anacona,Winner,Anacona W.
13287,Laurance,Axel,Laurance A.
2505,Valgren,Michael,Valgren M.
6508,Abrahamsen,Jonas,Abrahamsen J.
3698,Roosen,Timo,Roosen T.
3167,Fernandes,Luis,Fernandes L.
49,Vermoote,Jelle,Vermoote J.
3153,Janssens,Jimmy,Janssens J.
6874,Oldani,Stefano,Oldani S.
5628,Edmondson,Alexander,Edmondson A.
14248,Miholjevic,Fran,Miholjevic F.
5507,Lafay,Victor,Lafay V.
14254,De Meester,Luca,De Meester L.
5504,Denz,Nico,Denz N.
2046,Quintana,Nairo,Quintana N.
7089,Hayter,Ethan,Hayter E.
2464,Wallays,Jelle,Wallays J.
3630,Walscheid,Max,Walscheid M.
5962,Gaudu,David,Gaudu D.
986,Devenyns,Dries,Devenyns D.
11331,Baroncini,Filippo,Baroncini F.
2895,Vanbilsen,Kenneth,Vanbilsen K.
3579,Grosu,Eduard,Grosu E.
5790,Neilands,Krists,Neilands K.
12430,Svrcek,Martin,Svrcek M.
11325,Parisini,Nicolo,Parisini N.
6373,Castrillo,Pablo,Castrillo P.
7133,Toupalík,Adam,Toupalík A.
5663,O'Connor,Ben,O'Connor B.
6303,Schelling,Ide,Schelling I.
139,Barrenetxea,Jon,Barrenetxea J.
12145,Vine,Jay,Vine J.
14251,Braet,Vito,Braet V.
1975,Oliveira,Nelson,Oliveira N.
3001,Konrad,Patrick,Konrad P.
2897,Arndt,Nikias,Arndt N.
7300,Fisher-Black,Finn,Fisher-Black F.
2698,Hepburn,Michael,Hepburn M.
14268,Bittner,Pavel,Bittner P.
2697,Durbridge,Luke,Durbridge L.
10948,Dejaegher,Jasper,Dejaegher J.
6028,Gall,Felix,Gall F.
7634,Aleotti,Giovanni,Aleotti G.
3708,Küng,Stefan,Küng S.
7363,Abreha,Negasi,Abreha N.
6115,Van Hemelen,Vincent,Van Hemelen V.
5101,Baška,Erik,Baška E.
5942,Consonni,Simone,Consonni S.
7570,Söderqvist,Jakob,Söderqvist J.
5789,Dunbar,Edward,Dunbar E.
12724,Serrano,Javier,Serrano J.
7154,Dversnes,Fredrik,Dversnes F.
5978,van Aert,Wout,van Aert W.
6896,Groves,Kaden,Groves K.
7076,Simmons,Quinn,Simmons Q.
6314,Van Moer,Brent,Van Moer B.
11806,Brenner,Marco,Brenner M.
5791,Joyce,Colin,Joyce C.
6384,Warlop,Jordi,Warlop J.
6687,Livyns,Arjen,Livyns A.
7302,Heßmann,Michel,Heßmann M.
3382,van Baarle,Dylan,van Baarle D.
7307,van Dijke,Mick,van Dijke M.
1986,Aberasturi,Jon,Aberasturi J.
2853,Verona,Carlos,Verona C.
3466,Kudus,Merhawi,Kudus M.
6125,Barré,Louis,Barré L.
13354,Leitao,Iúri,Leitao I
3803,Meurisse,Xandro,Meurisse X.
6131,Rodríguez,Óscar,Rodríguez Ó.
7065,Tulett,Ben,Tulett B.
6390,Bjerg,Mikkel,Bjerg M.
6419,Vlasov,Aleksandr,Vlasov A.
6414,Barceló,Fernando,Barceló F.
7197,Heidemann,Miguel,Heidemann M.
6230,Harper,Chris,Harper C.
11689,Fredheim,Stian,Fredheim S.
12670,Reinderink,Pepijn,Reinderink P.
5954,Cavagna,Rémi,Cavagna R.
5312,Menten,Milan,Menten M.
5,Gachignard,Thomas,Gachignard T.
14188,van Sintmaartensdijk,Roel,van Sintmaartensdijk R.
12719,Tercero,Fernando,Tercero F.
5711,Smith,Dion,Smith D.
2526,Dombrowski,Joe,Dombrowski J.
6739,Sobrero,Matteo,Sobrero M.
14344,Berthet,Clément,Berthet C.
3973,Combaud,Romain,Combaud R.
7389,Toumire,Hugo,Toumire H.
6777,Pogacar,Tadej,Pogacar T.
6567,Hoole,Daan,Hoole D.
5112,Schlegel,Michal,Schlegel M.
5981,Albanese,Vincenzo,Albanese V.