<?xml version="1.0"?>
<startlist><team id="2"><cyclist id="3713"/><cyclist id="7088"/><cyclist id="2715"/><cyclist id="178"/><cyclist id="13351"/><cyclist id="13176"/><cyclist id="7518"/></team><team id="3"><cyclist id="3011"/><cyclist id="1381"/><cyclist id="5803"/><cyclist id="10810"/><cyclist id="6462"/><cyclist id="5996"/><cyclist id="5602"/></team><team id="5"><cyclist id="12448"/><cyclist id="13453"/><cyclist id="7113"/><cyclist id="6309"/><cyclist id="2548"/><cyclist id="6247"/><cyclist id="5732"/></team><team id="6"><cyclist id="6994"/><cyclist id="5405"/><cyclist id="6188"/><cyclist id="10768"/><cyclist id="3688"/><cyclist id="6538"/><cyclist id="6572"/></team><team id="8"><cyclist id="7285"/><cyclist id="3901"/><cyclist id="13861"/><cyclist id="3788"/><cyclist id="3347"/><cyclist id="11230"/><cyclist id="3369"/></team><team id="9"><cyclist id="7047"/><cyclist id="6295"/><cyclist id="5635"/><cyclist id="12991"/><cyclist id="2318"/><cyclist id="11875"/><cyclist id="14231"/></team><team id="10"><cyclist id="7381"/><cyclist id="13485"/><cyclist id="14256"/><cyclist id="12011"/><cyclist id="7301"/><cyclist id="12546"/><cyclist id="7304"/></team><team id="11"><cyclist id="3699"/><cyclist id="13438"/><cyclist id="1269"/><cyclist id="12774"/><cyclist id="10949"/><cyclist id="7151"/><cyclist id="2656"/></team><team id="13"><cyclist id="13470"/><cyclist id="3994"/><cyclist id="770"/><cyclist id="6304"/><cyclist id="6248"/><cyclist id="6387"/><cyclist id="6099"/></team><team id="14"><cyclist id="3445"/><cyclist id="3701"/><cyclist id="6375"/><cyclist id="6175"/><cyclist id="14266"/><cyclist id="2333"/><cyclist id="3158"/></team><team id="15"><cyclist id="6766"/><cyclist id="111"/><cyclist id="6208"/><cyclist id="6784"/><cyclist id="3109"/><cyclist id="2321"/><cyclist id="14274"/></team><team id="16"><cyclist id="3382"/><cyclist id="7307"/><cyclist id="6314"/><cyclist id="7363"/><cyclist id="14268"/><cyclist id="2697"/><cyclist id="10948"/></team><team id="24"><cyclist id="5984"/><cyclist id="10164"/><cyclist id="3695"/><cyclist id="7287"/><cyclist id="6897"/><cyclist id="6599"/><cyclist id="12969"/></team><team id="34"><cyclist id="3377"/><cyclist id="6200"/><cyclist id="7380"/><cyclist id="6027"/><cyclist id="5106"/><cyclist id="5318"/><cyclist id="3406"/></team><team id="35"><cyclist id="6346"/><cyclist id="6003"/><cyclist id="12034"/><cyclist id="12558"/><cyclist id="3341"/><cyclist id="6086"/><cyclist id="10299"/></team><team id="100"><cyclist id="14264"/><cyclist id="6609"/><cyclist id="6311"/><cyclist id="13472"/><cyclist id="3392"/><cyclist id="7037"/><cyclist id="6183"/></team><team id="207"><cyclist id="13165"/><cyclist id="3617"/><cyclist id="3146"/><cyclist id="3461"/><cyclist id="13208"/><cyclist id="6196"/><cyclist id="6312"/></team><team id="229"><cyclist id="6872"/><cyclist id="7107"/><cyclist id="3291"/><cyclist id="6805"/><cyclist id="14323"/><cyclist id="6904"/><cyclist id="11671"/></team><team id="210"><cyclist id="14354"/></team></startlist>
