<?xml version="1.0"?>
<startlist><team id="1"><cyclist id="13354"/><cyclist id="11689"/><cyclist id="3803"/><cyclist id="1986"/><cyclist id="5112"/><cyclist id="7197"/><cyclist id="6739"/></team><team id="2"><cyclist id="6913"/><cyclist id="3636"/><cyclist id="5804"/><cyclist id="178"/><cyclist id="13351"/><cyclist id="13176"/><cyclist id="699"/></team><team id="3"><cyclist id="5803"/><cyclist id="7391"/><cyclist id="3925"/><cyclist id="5602"/><cyclist id="12743"/><cyclist id="1381"/><cyclist id="11212"/></team><team id="5"><cyclist id="13453"/><cyclist id="6309"/><cyclist id="7068"/><cyclist id="2548"/><cyclist id="11172"/><cyclist id="6864"/><cyclist id="11518"/></team><team id="8"><cyclist id="7285"/><cyclist id="6811"/><cyclist id="14306"/><cyclist id="11207"/><cyclist id="3788"/><cyclist id="3347"/><cyclist id="3398"/></team><team id="9"><cyclist id="5635"/><cyclist id="12073"/><cyclist id="2318"/><cyclist id="11875"/><cyclist id="14231"/><cyclist id="5958"/><cyclist id="7047"/></team><team id="10"><cyclist id="536"/><cyclist id="7381"/><cyclist id="13485"/><cyclist id="6436"/><cyclist id="7468"/><cyclist id="12546"/><cyclist id="7304"/></team><team id="12"><cyclist id="3902"/><cyclist id="7153"/><cyclist id="7278"/><cyclist id="1008"/><cyclist id="12674"/><cyclist id="7221"/><cyclist id="12182"/></team><team id="13"><cyclist id="797"/><cyclist id="7064"/><cyclist id="13420"/><cyclist id="5765"/><cyclist id="6387"/><cyclist id="6320"/><cyclist id="6879"/></team><team id="14"><cyclist id="3445"/><cyclist id="5512"/><cyclist id="6375"/><cyclist id="14266"/><cyclist id="2333"/><cyclist id="12738"/><cyclist id="7109"/></team><team id="16"><cyclist id="3382"/><cyclist id="7307"/><cyclist id="6384"/><cyclist id="7363"/><cyclist id="6687"/><cyclist id="10948"/><cyclist id="6896"/></team><team id="24"><cyclist id="7287"/><cyclist id="14301"/><cyclist id="7157"/><cyclist id="6897"/><cyclist id="7061"/><cyclist id="6599"/><cyclist id="12969"/></team><team id="33"><cyclist id="7072"/><cyclist id="11759"/><cyclist id="14253"/><cyclist id="14327"/><cyclist id="7190"/><cyclist id="6386"/><cyclist id="10502"/></team><team id="34"><cyclist id="5106"/><cyclist id="3377"/><cyclist id="5318"/><cyclist id="3406"/><cyclist id="6906"/><cyclist id="2317"/></team><team id="35"><cyclist id="6457"/><cyclist id="6346"/><cyclist id="2407"/><cyclist id="10149"/><cyclist id="5753"/><cyclist id="13469"/><cyclist id="6003"/></team><team id="92"><cyclist id="7490"/><cyclist id="12123"/><cyclist id="7299"/><cyclist id="12465"/><cyclist id="7306"/><cyclist id="3698"/></team><team id="100"><cyclist id="6311"/><cyclist id="14143"/><cyclist id="13472"/><cyclist id="3392"/><cyclist id="7037"/><cyclist id="6773"/><cyclist id="6322"/></team><team id="207"><cyclist id="13165"/><cyclist id="6748"/><cyclist id="3690"/><cyclist id="13208"/><cyclist id="6677"/><cyclist id="6196"/><cyclist id="7094"/></team><team id="229"><cyclist id="1913"/><cyclist id="6334"/><cyclist id="2441"/><cyclist id="3291"/><cyclist id="7107"/><cyclist id="6805"/><cyclist id="14323"/></team><team id="210"><cyclist id="14354"/></team></startlist>
