<?xml version="1.0"?>
<startlist><team id="1"><cyclist id="5981"/><cyclist id="5711"/><cyclist id="5"/><cyclist id="14344"/><cyclist id="3973"/><cyclist id="6230"/><cyclist id="6414"/></team><team id="2"><cyclist id="5986"/><cyclist id="6762"/><cyclist id="2799"/><cyclist id="3321"/><cyclist id="13176"/><cyclist id="12960"/><cyclist id="7362"/></team><team id="3"><cyclist id="3760"/><cyclist id="3317"/><cyclist id="5602"/><cyclist id="12772"/><cyclist id="7491"/><cyclist id="3580"/><cyclist id="3925"/></team><team id="5"><cyclist id="12448"/><cyclist id="7087"/><cyclist id="5798"/><cyclist id="2515"/><cyclist id="6247"/><cyclist id="6181"/><cyclist id="5644"/></team><team id="6"><cyclist id="7129"/><cyclist id="13467"/><cyclist id="13406"/><cyclist id="7472"/><cyclist id="6572"/><cyclist id="11402"/></team><team id="8"><cyclist id="3140"/><cyclist id="6811"/><cyclist id="11207"/><cyclist id="3232"/><cyclist id="6354"/><cyclist id="2858"/><cyclist id="1937"/></team><team id="9"><cyclist id="14276"/><cyclist id="12991"/><cyclist id="3215"/><cyclist id="12073"/><cyclist id="7386"/><cyclist id="2714"/><cyclist id="10906"/></team><team id="10"><cyclist id="1992"/><cyclist id="6367"/><cyclist id="13485"/><cyclist id="7381"/><cyclist id="6581"/><cyclist id="3148"/><cyclist id="12546"/></team><team id="11"><cyclist id="13438"/><cyclist id="2006"/><cyclist id="10949"/><cyclist id="6372"/><cyclist id="3817"/><cyclist id="7384"/><cyclist id="12353"/></team><team id="12"><cyclist id="4"/><cyclist id="3022"/><cyclist id="5999"/><cyclist id="6809"/><cyclist id="7370"/><cyclist id="12674"/><cyclist id="12182"/></team><team id="13"><cyclist id="12076"/><cyclist id="3359"/><cyclist id="3994"/><cyclist id="770"/><cyclist id="7158"/><cyclist id="6304"/><cyclist id="1303"/></team><team id="14"><cyclist id="7066"/><cyclist id="11237"/><cyclist id="14324"/><cyclist id="6407"/><cyclist id="14160"/><cyclist id="7109"/><cyclist id="3026"/></team><team id="15"><cyclist id="6784"/><cyclist id="3879"/><cyclist id="5988"/><cyclist id="6689"/><cyclist id="3109"/><cyclist id="3714"/><cyclist id="14274"/></team><team id="16"><cyclist id="7307"/><cyclist id="14268"/><cyclist id="5791"/><cyclist id="7363"/><cyclist id="5789"/><cyclist id="7302"/><cyclist id="7570"/></team><team id="20"><cyclist id="139"/><cyclist id="12430"/><cyclist id="6303"/><cyclist id="14254"/><cyclist id="14248"/><cyclist id="2895"/><cyclist id="49"/></team><team id="24"><cyclist id="5984"/><cyclist id="10164"/><cyclist id="7050"/><cyclist id="2268"/><cyclist id="14322"/><cyclist id="7157"/><cyclist id="7061"/></team><team id="33"><cyclist id="14064"/><cyclist id="3662"/><cyclist id="7072"/><cyclist id="14253"/><cyclist id="14343"/><cyclist id="11759"/><cyclist id="7051"/></team><team id="34"><cyclist id="11390"/><cyclist id="12709"/><cyclist id="7305"/><cyclist id="7359"/><cyclist id="3792"/><cyclist id="6200"/><cyclist id="7380"/></team><team id="35"><cyclist id="6457"/><cyclist id="7376"/><cyclist id="3067"/><cyclist id="12558"/><cyclist id="6086"/><cyclist id="10299"/><cyclist id="13469"/></team><team id="42"><cyclist id="2389"/><cyclist id="3024"/><cyclist id="300"/><cyclist id="7298"/><cyclist id="7054"/><cyclist id="7383"/><cyclist id="6201"/></team><team id="92"><cyclist id="3371"/><cyclist id="5970"/><cyclist id="7306"/><cyclist id="6706"/><cyclist id="7280"/><cyclist id="14318"/><cyclist id="13287"/></team><team id="100"><cyclist id="14264"/><cyclist id="6311"/><cyclist id="14143"/><cyclist id="14337"/><cyclist id="7117"/><cyclist id="6843"/><cyclist id="11857"/></team><team id="207"><cyclist id="13165"/><cyclist id="3461"/><cyclist id="12787"/><cyclist id="7090"/><cyclist id="7161"/><cyclist id="12600"/><cyclist id="11442"/></team><team id="229"><cyclist id="6334"/><cyclist id="7107"/><cyclist id="2525"/><cyclist id="13854"/><cyclist id="7517"/><cyclist id="14300"/><cyclist id="14323"/></team><team id="210"><cyclist id="14354"/></team></startlist>
