<?xml version="1.0"?>
<startlist><team id="1"><cyclist id="5981"/><cyclist id="13354"/><cyclist id="11689"/><cyclist id="2853"/><cyclist id="3466"/><cyclist id="14188"/><cyclist id="1986"/></team><team id="2"><cyclist id="5986"/><cyclist id="6762"/><cyclist id="3321"/><cyclist id="178"/><cyclist id="13351"/><cyclist id="13176"/><cyclist id="699"/></team><team id="3"><cyclist id="3760"/><cyclist id="6374"/><cyclist id="3925"/><cyclist id="7491"/><cyclist id="7649"/><cyclist id="5602"/><cyclist id="13421"/></team><team id="5"><cyclist id="5798"/><cyclist id="2515"/><cyclist id="7068"/><cyclist id="6247"/><cyclist id="2850"/><cyclist id="11518"/><cyclist id="7086"/></team><team id="6"><cyclist id="6994"/><cyclist id="5744"/><cyclist id="13406"/><cyclist id="3098"/><cyclist id="10151"/><cyclist id="13467"/><cyclist id="6538"/></team><team id="8"><cyclist id="6811"/><cyclist id="14306"/><cyclist id="11207"/><cyclist id="7093"/><cyclist id="3398"/><cyclist id="2858"/><cyclist id="14314"/></team><team id="9"><cyclist id="5958"/><cyclist id="7047"/><cyclist id="2463"/><cyclist id="3916"/><cyclist id="12991"/><cyclist id="12073"/><cyclist id="2318"/></team><team id="10"><cyclist id="536"/><cyclist id="7381"/><cyclist id="13195"/><cyclist id="7468"/><cyclist id="14245"/><cyclist id="12546"/><cyclist id="7304"/></team><team id="11"><cyclist id="2006"/><cyclist id="12774"/><cyclist id="10949"/><cyclist id="7206"/><cyclist id="7384"/><cyclist id="6443"/><cyclist id="2800"/></team><team id="12"><cyclist id="7393"/><cyclist id="4"/><cyclist id="264"/><cyclist id="3022"/><cyclist id="6517"/><cyclist id="12674"/><cyclist id="6350"/></team><team id="13"><cyclist id="12076"/><cyclist id="6248"/><cyclist id="7465"/><cyclist id="7158"/><cyclist id="6099"/><cyclist id="6879"/><cyclist id="1303"/></team><team id="14"><cyclist id="7066"/><cyclist id="3701"/><cyclist id="3026"/><cyclist id="14266"/><cyclist id="2333"/><cyclist id="7109"/><cyclist id="12738"/></team><team id="20"><cyclist id="5790"/><cyclist id="139"/><cyclist id="2464"/><cyclist id="6303"/><cyclist id="3153"/><cyclist id="3167"/><cyclist id="14254"/></team><team id="24"><cyclist id="5984"/><cyclist id="10164"/><cyclist id="7050"/><cyclist id="14322"/><cyclist id="7635"/><cyclist id="7157"/><cyclist id="7061"/></team><team id="33"><cyclist id="11759"/><cyclist id="14327"/><cyclist id="10502"/><cyclist id="14253"/><cyclist id="7051"/><cyclist id="6001"/><cyclist id="14183"/></team><team id="34"><cyclist id="5106"/><cyclist id="3377"/><cyclist id="5318"/><cyclist id="3406"/><cyclist id="6906"/><cyclist id="2317"/><cyclist id="6027"/></team><team id="35"><cyclist id="6457"/><cyclist id="10149"/><cyclist id="6032"/><cyclist id="5897"/><cyclist id="3067"/><cyclist id="5753"/><cyclist id="12558"/></team><team id="42"><cyclist id="6799"/><cyclist id="5001"/><cyclist id="14279"/><cyclist id="7054"/><cyclist id="7383"/><cyclist id="12740"/><cyclist id="6393"/></team><team id="92"><cyclist id="7490"/><cyclist id="12123"/><cyclist id="7299"/><cyclist id="12465"/><cyclist id="7306"/><cyclist id="3698"/><cyclist id="3371"/></team><team id="100"><cyclist id="6311"/><cyclist id="7382"/><cyclist id="14337"/><cyclist id="13668"/><cyclist id="7117"/><cyclist id="6843"/><cyclist id="11857"/></team><team id="207"><cyclist id="13165"/><cyclist id="12787"/><cyclist id="13208"/><cyclist id="3715"/><cyclist id="6677"/><cyclist id="6196"/><cyclist id="6920"/></team><team id="229"><cyclist id="6334"/><cyclist id="3981"/><cyclist id="7107"/><cyclist id="6805"/><cyclist id="13854"/><cyclist id="11671"/><cyclist id="14300"/></team><team id="210"><cyclist id="14354"/></team></startlist>
