<?xml version="1.0"?>
<startlist><team id="1"><cyclist id="5981"/><cyclist id="11689"/><cyclist id="3466"/><cyclist id="3803"/><cyclist id="2526"/><cyclist id="12719"/><cyclist id="5112"/></team><team id="2"><cyclist id="6913"/><cyclist id="178"/><cyclist id="13351"/><cyclist id="13176"/><cyclist id="12960"/><cyclist id="7362"/><cyclist id="699"/></team><team id="3"><cyclist id="5637"/><cyclist id="1381"/><cyclist id="6462"/><cyclist id="7391"/><cyclist id="12743"/><cyclist id="5996"/><cyclist id="7649"/></team><team id="5"><cyclist id="13453"/><cyclist id="6057"/><cyclist id="6309"/><cyclist id="2548"/><cyclist id="11172"/><cyclist id="6864"/><cyclist id="6643"/></team><team id="6"><cyclist id="5744"/><cyclist id="5617"/><cyclist id="6188"/><cyclist id="13406"/><cyclist id="10768"/><cyclist id="6538"/><cyclist id="11402"/></team><team id="8"><cyclist id="7285"/><cyclist id="7032"/><cyclist id="14306"/><cyclist id="3347"/><cyclist id="5990"/><cyclist id="6713"/><cyclist id="12184"/></team><team id="9"><cyclist id="5958"/><cyclist id="7047"/><cyclist id="12991"/><cyclist id="12073"/><cyclist id="2318"/><cyclist id="11875"/><cyclist id="14231"/></team><team id="10"><cyclist id="13485"/><cyclist id="7381"/><cyclist id="13195"/><cyclist id="3460"/><cyclist id="7250"/><cyclist id="7468"/><cyclist id="14245"/></team><team id="11"><cyclist id="3699"/><cyclist id="1269"/><cyclist id="7082"/><cyclist id="7206"/><cyclist id="10949"/><cyclist id="6443"/><cyclist id="7533"/></team><team id="12"><cyclist id="264"/><cyclist id="7153"/><cyclist id="7278"/><cyclist id="7479"/><cyclist id="3390"/><cyclist id="937"/><cyclist id="13391"/></team><team id="13"><cyclist id="797"/><cyclist id="13470"/><cyclist id="12659"/><cyclist id="6387"/><cyclist id="6099"/><cyclist id="1303"/><cyclist id="6879"/></team><team id="14"><cyclist id="6375"/><cyclist id="3334"/><cyclist id="14160"/><cyclist id="14266"/><cyclist id="2713"/><cyclist id="2333"/><cyclist id="6720"/></team><team id="15"><cyclist id="6766"/><cyclist id="111"/><cyclist id="6208"/><cyclist id="3879"/><cyclist id="5650"/><cyclist id="12113"/><cyclist id="13318"/></team><team id="16"><cyclist id="7307"/><cyclist id="14268"/><cyclist id="5789"/><cyclist id="6896"/><cyclist id="2897"/><cyclist id="6687"/><cyclist id="10948"/></team><team id="20"><cyclist id="11325"/><cyclist id="5790"/><cyclist id="7133"/><cyclist id="12430"/><cyclist id="14254"/><cyclist id="2895"/><cyclist id="49"/></team><team id="24"><cyclist id="3695"/><cyclist id="7287"/><cyclist id="2268"/><cyclist id="3028"/><cyclist id="6368"/><cyclist id="6735"/><cyclist id="12969"/></team><team id="33"><cyclist id="7303"/><cyclist id="6422"/><cyclist id="6386"/><cyclist id="7040"/><cyclist id="14327"/><cyclist id="10502"/><cyclist id="7190"/></team><team id="34"><cyclist id="3377"/><cyclist id="6200"/><cyclist id="7380"/><cyclist id="6027"/><cyclist id="5106"/><cyclist id="5318"/><cyclist id="3406"/></team><team id="42"><cyclist id="5979"/><cyclist id="5412"/><cyclist id="14275"/><cyclist id="7383"/><cyclist id="6326"/><cyclist id="3103"/><cyclist id="12740"/></team><team id="100"><cyclist id="14264"/><cyclist id="6311"/><cyclist id="14143"/><cyclist id="3392"/><cyclist id="7037"/><cyclist id="6183"/><cyclist id="6322"/></team><team id="207"><cyclist id="6748"/><cyclist id="3690"/><cyclist id="6617"/><cyclist id="1963"/><cyclist id="6677"/><cyclist id="6312"/><cyclist id="12600"/></team><team id="229"><cyclist id="6872"/><cyclist id="2441"/><cyclist id="3291"/><cyclist id="2802"/><cyclist id="14323"/><cyclist id="11671"/><cyclist id="6904"/></team><team id="210"><cyclist id="14354"/></team></startlist>
