<?xml version="1.0"?>
<startlist><team id="2"><cyclist id="178"/><cyclist id="13351"/><cyclist id="13176"/><cyclist id="7518"/><cyclist id="7362"/></team><team id="8"><cyclist id="14306"/><cyclist id="13861"/><cyclist id="14314"/><cyclist id="1937"/><cyclist id="7563"/></team><team id="9"><cyclist id="14291"/><cyclist id="12073"/><cyclist id="10906"/><cyclist id="11875"/><cyclist id="14231"/></team><team id="10"><cyclist id="10946"/><cyclist id="12011"/><cyclist id="536"/><cyclist id="7301"/><cyclist id="13195"/></team><team id="12"><cyclist id="7278"/><cyclist id="7393"/><cyclist id="13391"/><cyclist id="7221"/><cyclist id="7153"/></team><team id="13"><cyclist id="12076"/><cyclist id="12659"/><cyclist id="770"/><cyclist id="7158"/><cyclist id="1303"/></team><team id="16"><cyclist id="14268"/><cyclist id="12724"/><cyclist id="10948"/><cyclist id="7570"/><cyclist id="7302"/></team><team id="33"><cyclist id="10502"/><cyclist id="14327"/><cyclist id="11759"/><cyclist id="14253"/><cyclist id="14278"/></team><team id="100"><cyclist id="10571"/><cyclist id="13472"/><cyclist id="7166"/><cyclist id="13567"/><cyclist id="5834"/></team><team id="207"><cyclist id="12787"/><cyclist id="13208"/><cyclist id="7161"/><cyclist id="6677"/><cyclist id="12600"/></team><team id="210"><cyclist id="14354"/></team></startlist>
