<?xml version="1.0"?>
<startlist><team id="2"><cyclist id="178"/><cyclist id="13351"/><cyclist id="13176"/><cyclist id="12960"/><cyclist id="7362"/></team><team id="8"><cyclist id="14306"/><cyclist id="13861"/><cyclist id="14314"/><cyclist id="1937"/><cyclist id="7563"/></team><team id="9"><cyclist id="12073"/><cyclist id="7386"/><cyclist id="10906"/><cyclist id="11875"/><cyclist id="14231"/></team><team id="11"><cyclist id="12774"/><cyclist id="10949"/><cyclist id="7206"/><cyclist id="7384"/><cyclist id="7226"/></team><team id="12"><cyclist id="7221"/><cyclist id="7278"/><cyclist id="7153"/><cyclist id="7393"/><cyclist id="937"/></team><team id="16"><cyclist id="14268"/><cyclist id="12724"/><cyclist id="10948"/><cyclist id="7302"/><cyclist id="7570"/></team><team id="33"><cyclist id="10502"/><cyclist id="14327"/><cyclist id="11759"/><cyclist id="14253"/><cyclist id="14338"/></team><team id="42"><cyclist id="7284"/><cyclist id="7286"/><cyclist id="7298"/><cyclist id="3103"/><cyclist id="12740"/></team><team id="92"><cyclist id="7490"/><cyclist id="12123"/><cyclist id="7299"/><cyclist id="12465"/><cyclist id="7306"/></team><team id="100"><cyclist id="13472"/><cyclist id="2069"/><cyclist id="7166"/><cyclist id="13567"/><cyclist id="5834"/></team><team id="210"><cyclist id="14354"/></team></startlist>
