<?xml version="1.0"?>
<startlist><team id="1"><cyclist id="13354"/><cyclist id="5711"/><cyclist id="3803"/><cyclist id="6390"/><cyclist id="6567"/><cyclist id="1986"/><cyclist id="6739"/></team><team id="2"><cyclist id="5986"/><cyclist id="2799"/><cyclist id="3321"/><cyclist id="14246"/><cyclist id="13176"/><cyclist id="12960"/><cyclist id="7362"/></team><team id="3"><cyclist id="3011"/><cyclist id="3925"/><cyclist id="6462"/><cyclist id="3317"/><cyclist id="3580"/><cyclist id="7491"/><cyclist id="12743"/></team><team id="5"><cyclist id="5798"/><cyclist id="2850"/><cyclist id="1000"/><cyclist id="6247"/><cyclist id="6181"/><cyclist id="5644"/><cyclist id="11518"/></team><team id="6"><cyclist id="6994"/><cyclist id="10151"/><cyclist id="11081"/><cyclist id="7472"/><cyclist id="13406"/><cyclist id="3098"/></team><team id="8"><cyclist id="7285"/><cyclist id="14306"/><cyclist id="3788"/><cyclist id="3347"/><cyclist id="5990"/><cyclist id="5899"/><cyclist id="11230"/></team><team id="9"><cyclist id="14276"/><cyclist id="7047"/><cyclist id="6252"/><cyclist id="12991"/><cyclist id="3215"/><cyclist id="11875"/><cyclist id="14231"/></team><team id="10"><cyclist id="1992"/><cyclist id="536"/><cyclist id="6436"/><cyclist id="6367"/><cyclist id="6357"/><cyclist id="7354"/><cyclist id="7304"/></team><team id="12"><cyclist id="264"/><cyclist id="3914"/><cyclist id="7219"/><cyclist id="12674"/><cyclist id="3390"/><cyclist id="13391"/><cyclist id="937"/></team><team id="13"><cyclist id="797"/><cyclist id="7158"/><cyclist id="3359"/><cyclist id="7465"/><cyclist id="6099"/><cyclist id="6248"/><cyclist id="6879"/></team><team id="14"><cyclist id="7066"/><cyclist id="11237"/><cyclist id="14324"/><cyclist id="14160"/><cyclist id="3917"/><cyclist id="7249"/><cyclist id="3158"/></team><team id="15"><cyclist id="111"/><cyclist id="6967"/><cyclist id="5988"/><cyclist id="5306"/><cyclist id="5678"/><cyclist id="6689"/><cyclist id="7432"/></team><team id="16"><cyclist id="7307"/><cyclist id="14268"/><cyclist id="7634"/><cyclist id="7363"/><cyclist id="6115"/><cyclist id="10948"/><cyclist id="2697"/></team><team id="20"><cyclist id="139"/><cyclist id="14251"/><cyclist id="12430"/><cyclist id="2464"/><cyclist id="14248"/><cyclist id="2895"/><cyclist id="49"/></team><team id="24"><cyclist id="5984"/><cyclist id="10164"/><cyclist id="3695"/><cyclist id="14322"/><cyclist id="6897"/><cyclist id="6599"/><cyclist id="5631"/></team><team id="33"><cyclist id="3777"/><cyclist id="7303"/><cyclist id="7190"/><cyclist id="3859"/><cyclist id="7122"/><cyclist id="6001"/><cyclist id="6629"/></team><team id="34"><cyclist id="11390"/><cyclist id="5106"/><cyclist id="3377"/><cyclist id="12709"/><cyclist id="6906"/><cyclist id="7010"/><cyclist id="6200"/></team><team id="35"><cyclist id="6457"/><cyclist id="7376"/><cyclist id="3067"/><cyclist id="12558"/><cyclist id="6086"/><cyclist id="10299"/><cyclist id="13469"/></team><team id="42"><cyclist id="2389"/><cyclist id="5979"/><cyclist id="7284"/><cyclist id="7286"/><cyclist id="14275"/><cyclist id="6326"/><cyclist id="6393"/></team><team id="92"><cyclist id="3698"/><cyclist id="13466"/><cyclist id="6688"/><cyclist id="7280"/><cyclist id="6706"/><cyclist id="5964"/><cyclist id="4048"/></team><team id="100"><cyclist id="14264"/><cyclist id="6311"/><cyclist id="14143"/><cyclist id="14337"/><cyclist id="7117"/><cyclist id="6843"/><cyclist id="11857"/></team><team id="229"><cyclist id="6872"/><cyclist id="6334"/><cyclist id="3197"/><cyclist id="6805"/><cyclist id="7517"/><cyclist id="11671"/><cyclist id="14300"/></team><team id="210"><cyclist id="14354"/></team></startlist>
