<?xml version="1.0"?>
<startlist><team id="2"><cyclist id="178"/><cyclist id="14246"/><cyclist id="13351"/><cyclist id="12960"/><cyclist id="699"/></team><team id="9"><cyclist id="12073"/><cyclist id="7386"/><cyclist id="10906"/><cyclist id="11875"/><cyclist id="14231"/></team><team id="15"><cyclist id="7361"/><cyclist id="3879"/><cyclist id="12113"/><cyclist id="13318"/><cyclist id="3109"/></team><team id="92"><cyclist id="13287"/><cyclist id="12123"/><cyclist id="12465"/><cyclist id="7306"/><cyclist id="14318"/></team><team id="100"><cyclist id="13472"/><cyclist id="2069"/><cyclist id="7166"/><cyclist id="5834"/><cyclist id="13567"/></team><team id="207"><cyclist id="12787"/><cyclist id="13208"/><cyclist id="7161"/><cyclist id="6677"/><cyclist id="12600"/></team><team id="210"><cyclist id="14354"/></team></startlist>
