<?xml version="1.0"?>
<startlist><team id="1"><cyclist id="7065"/><cyclist id="11689"/><cyclist id="7389"/><cyclist id="12670"/><cyclist id="14188"/></team><team id="2"><cyclist id="178"/><cyclist id="14246"/><cyclist id="13351"/><cyclist id="13176"/><cyclist id="699"/></team><team id="8"><cyclist id="14306"/><cyclist id="11207"/><cyclist id="13861"/><cyclist id="14314"/><cyclist id="7563"/></team><team id="9"><cyclist id="14291"/><cyclist id="12073"/><cyclist id="10906"/><cyclist id="11875"/><cyclist id="14231"/></team><team id="10"><cyclist id="12011"/><cyclist id="10946"/><cyclist id="12546"/><cyclist id="7301"/><cyclist id="13195"/></team><team id="16"><cyclist id="7302"/><cyclist id="7570"/><cyclist id="10948"/><cyclist id="7076"/><cyclist id="12724"/></team><team id="92"><cyclist id="7490"/><cyclist id="12123"/><cyclist id="7299"/><cyclist id="12465"/><cyclist id="7306"/></team><team id="100"><cyclist id="7382"/><cyclist id="13472"/><cyclist id="7166"/><cyclist id="13567"/><cyclist id="5834"/></team><team id="207"><cyclist id="12787"/><cyclist id="13208"/><cyclist id="7161"/><cyclist id="6677"/><cyclist id="12600"/></team><team id="229"><cyclist id="14323"/><cyclist id="13854"/><cyclist id="7517"/><cyclist id="11671"/><cyclist id="14300"/></team><team id="210"><cyclist id="14354"/></team></startlist>
