<?xml version="1.0"?>
<startlist><team id="1"><cyclist id="11689"/><cyclist id="7389"/><cyclist id="1986"/><cyclist id="12719"/><cyclist id="7197"/><cyclist id="6414"/><cyclist id="12670"/></team><team id="2"><cyclist id="5986"/><cyclist id="3321"/><cyclist id="14246"/><cyclist id="13176"/><cyclist id="12960"/><cyclist id="7362"/><cyclist id="699"/></team><team id="3"><cyclist id="12772"/><cyclist id="14285"/><cyclist id="6374"/><cyclist id="11212"/><cyclist id="13421"/><cyclist id="7100"/><cyclist id="3925"/></team><team id="5"><cyclist id="7087"/><cyclist id="2515"/><cyclist id="7438"/><cyclist id="7621"/><cyclist id="11518"/><cyclist id="7086"/></team><team id="6"><cyclist id="13471"/><cyclist id="5405"/><cyclist id="1052"/><cyclist id="2541"/><cyclist id="7472"/><cyclist id="3098"/><cyclist id="6077"/></team><team id="8"><cyclist id="3140"/><cyclist id="6811"/><cyclist id="11207"/><cyclist id="3232"/><cyclist id="1937"/><cyclist id="7563"/><cyclist id="5956"/></team><team id="10"><cyclist id="1992"/><cyclist id="6367"/><cyclist id="13485"/><cyclist id="3460"/><cyclist id="5303"/><cyclist id="12546"/><cyclist id="14245"/></team><team id="12"><cyclist id="3022"/><cyclist id="5999"/><cyclist id="12424"/><cyclist id="7219"/><cyclist id="6517"/><cyclist id="7052"/><cyclist id="13391"/></team><team id="13"><cyclist id="14249"/><cyclist id="797"/><cyclist id="7064"/><cyclist id="7465"/><cyclist id="6248"/><cyclist id="6387"/><cyclist id="3359"/></team><team id="14"><cyclist id="11237"/><cyclist id="7066"/><cyclist id="3026"/><cyclist id="6407"/><cyclist id="7249"/><cyclist id="12738"/><cyclist id="7109"/></team><team id="15"><cyclist id="7192"/><cyclist id="12639"/><cyclist id="6784"/><cyclist id="6967"/><cyclist id="6689"/><cyclist id="3109"/><cyclist id="2321"/></team><team id="20"><cyclist id="5663"/><cyclist id="5790"/><cyclist id="139"/><cyclist id="6373"/><cyclist id="14251"/><cyclist id="3153"/><cyclist id="3167"/></team><team id="24"><cyclist id="11688"/><cyclist id="6392"/><cyclist id="7287"/><cyclist id="14322"/><cyclist id="7157"/><cyclist id="6897"/><cyclist id="5631"/></team><team id="34"><cyclist id="6249"/><cyclist id="5510"/><cyclist id="1380"/><cyclist id="7359"/><cyclist id="6745"/><cyclist id="6972"/><cyclist id="3377"/></team><team id="35"><cyclist id="6457"/><cyclist id="126"/><cyclist id="3481"/><cyclist id="5966"/><cyclist id="13468"/><cyclist id="12034"/><cyclist id="2949"/></team><team id="42"><cyclist id="6799"/><cyclist id="7286"/><cyclist id="7358"/><cyclist id="14279"/><cyclist id="7054"/><cyclist id="7383"/><cyclist id="6393"/></team><team id="92"><cyclist id="2693"/><cyclist id="4048"/><cyclist id="5964"/><cyclist id="6688"/><cyclist id="14318"/><cyclist id="3361"/><cyclist id="6738"/></team><team id="100"><cyclist id="7382"/><cyclist id="6806"/><cyclist id="3392"/><cyclist id="6183"/><cyclist id="7117"/><cyclist id="6843"/><cyclist id="11857"/></team><team id="207"><cyclist id="7090"/><cyclist id="7161"/><cyclist id="3715"/><cyclist id="3942"/><cyclist id="6312"/><cyclist id="12600"/><cyclist id="11442"/></team><team id="229"><cyclist id="3372"/><cyclist id="2802"/><cyclist id="3678"/><cyclist id="6376"/><cyclist id="3386"/><cyclist id="2695"/><cyclist id="7517"/></team><team id="210"><cyclist id="14354"/></team></startlist>
