<?xml version="1.0"?>
<startlist><team id="1"><cyclist id="5981"/><cyclist id="13354"/><cyclist id="3466"/><cyclist id="7389"/><cyclist id="5112"/><cyclist id="7197"/><cyclist id="6739"/></team><team id="2"><cyclist id="7088"/><cyclist id="5986"/><cyclist id="2799"/><cyclist id="178"/><cyclist id="14246"/><cyclist id="13351"/><cyclist id="7362"/></team><team id="3"><cyclist id="12772"/><cyclist id="14285"/><cyclist id="11212"/><cyclist id="7491"/><cyclist id="5637"/><cyclist id="5996"/><cyclist id="7391"/></team><team id="5"><cyclist id="14321"/><cyclist id="13453"/><cyclist id="6309"/><cyclist id="7068"/><cyclist id="11172"/><cyclist id="7621"/><cyclist id="6742"/></team><team id="6"><cyclist id="13471"/><cyclist id="13467"/><cyclist id="3098"/><cyclist id="13406"/><cyclist id="1052"/><cyclist id="10151"/><cyclist id="7098"/></team><team id="8"><cyclist id="6811"/><cyclist id="14306"/><cyclist id="13861"/><cyclist id="6354"/><cyclist id="5990"/><cyclist id="1937"/><cyclist id="6061"/></team><team id="9"><cyclist id="5793"/><cyclist id="14276"/><cyclist id="7047"/><cyclist id="3916"/><cyclist id="6569"/><cyclist id="3863"/><cyclist id="7386"/></team><team id="10"><cyclist id="1992"/><cyclist id="14256"/><cyclist id="6357"/><cyclist id="536"/><cyclist id="3854"/><cyclist id="12546"/><cyclist id="7304"/></team><team id="11"><cyclist id="12774"/><cyclist id="1269"/><cyclist id="3088"/><cyclist id="6335"/><cyclist id="10949"/><cyclist id="14247"/><cyclist id="3271"/></team><team id="13"><cyclist id="14249"/><cyclist id="7064"/><cyclist id="6304"/><cyclist id="5765"/><cyclist id="7465"/><cyclist id="6248"/><cyclist id="6320"/></team><team id="14"><cyclist id="11237"/><cyclist id="5512"/><cyclist id="3334"/><cyclist id="2713"/><cyclist id="2333"/><cyclist id="12738"/><cyclist id="3566"/></team><team id="15"><cyclist id="7192"/><cyclist id="12639"/><cyclist id="7361"/><cyclist id="6208"/><cyclist id="3879"/><cyclist id="3109"/><cyclist id="7432"/></team><team id="16"><cyclist id="11806"/><cyclist id="14268"/><cyclist id="3382"/><cyclist id="7634"/><cyclist id="5791"/><cyclist id="7302"/><cyclist id="6896"/></team><team id="20"><cyclist id="12145"/><cyclist id="1975"/><cyclist id="7133"/><cyclist id="3153"/><cyclist id="3167"/><cyclist id="14254"/><cyclist id="2895"/></team><team id="24"><cyclist id="11688"/><cyclist id="3235"/><cyclist id="14322"/><cyclist id="3028"/><cyclist id="6599"/><cyclist id="5631"/><cyclist id="12969"/></team><team id="34"><cyclist id="2412"/><cyclist id="5510"/><cyclist id="3377"/><cyclist id="14062"/><cyclist id="6906"/><cyclist id="7305"/><cyclist id="7380"/></team><team id="35"><cyclist id="6457"/><cyclist id="126"/><cyclist id="3481"/><cyclist id="6032"/><cyclist id="6971"/><cyclist id="7095"/><cyclist id="13469"/></team><team id="42"><cyclist id="3024"/><cyclist id="7286"/><cyclist id="7284"/><cyclist id="7358"/><cyclist id="14279"/><cyclist id="7054"/><cyclist id="6201"/></team><team id="92"><cyclist id="2693"/><cyclist id="12465"/><cyclist id="7490"/><cyclist id="12123"/><cyclist id="6688"/><cyclist id="13466"/><cyclist id="6738"/></team><team id="100"><cyclist id="7382"/><cyclist id="14337"/><cyclist id="13668"/><cyclist id="7117"/><cyclist id="2069"/><cyclist id="6843"/><cyclist id="6330"/></team><team id="207"><cyclist id="6748"/><cyclist id="7090"/><cyclist id="7161"/><cyclist id="6196"/><cyclist id="12431"/><cyclist id="6920"/><cyclist id="7255"/></team><team id="229"><cyclist id="3048"/><cyclist id="3197"/><cyclist id="2802"/><cyclist id="14302"/><cyclist id="6904"/><cyclist id="13854"/><cyclist id="7517"/></team><team id="210"><cyclist id="14354"/></team></startlist>
