<?xml version="1.0"?>
<startlist><team id="1"><cyclist id="13354"/><cyclist id="7065"/><cyclist id="6390"/><cyclist id="12670"/><cyclist id="14188"/><cyclist id="1986"/><cyclist id="6414"/></team><team id="2"><cyclist id="178"/><cyclist id="6913"/><cyclist id="2715"/><cyclist id="2799"/><cyclist id="13351"/><cyclist id="13176"/><cyclist id="12960"/></team><team id="3"><cyclist id="5637"/><cyclist id="6462"/><cyclist id="3760"/><cyclist id="3580"/><cyclist id="5996"/><cyclist id="7391"/><cyclist id="7125"/></team><team id="5"><cyclist id="12448"/><cyclist id="6057"/><cyclist id="6309"/><cyclist id="2548"/><cyclist id="11172"/><cyclist id="5644"/><cyclist id="6864"/></team><team id="6"><cyclist id="6994"/><cyclist id="6188"/><cyclist id="5744"/><cyclist id="5405"/><cyclist id="3688"/><cyclist id="13406"/><cyclist id="7472"/></team><team id="8"><cyclist id="7285"/><cyclist id="14306"/><cyclist id="7093"/><cyclist id="3347"/><cyclist id="2858"/><cyclist id="5990"/><cyclist id="5956"/></team><team id="10"><cyclist id="5304"/><cyclist id="3460"/><cyclist id="1382"/><cyclist id="13195"/><cyclist id="7354"/><cyclist id="7301"/><cyclist id="10946"/></team><team id="11"><cyclist id="13438"/><cyclist id="3699"/><cyclist id="3088"/><cyclist id="5852"/><cyclist id="7206"/><cyclist id="7533"/><cyclist id="6640"/></team><team id="13"><cyclist id="12076"/><cyclist id="3359"/><cyclist id="6304"/><cyclist id="5765"/><cyclist id="7158"/><cyclist id="6099"/><cyclist id="6320"/></team><team id="14"><cyclist id="3445"/><cyclist id="3701"/><cyclist id="14324"/><cyclist id="6175"/><cyclist id="14160"/><cyclist id="3190"/><cyclist id="2333"/></team><team id="16"><cyclist id="3382"/><cyclist id="14268"/><cyclist id="6314"/><cyclist id="6687"/><cyclist id="6384"/><cyclist id="6115"/><cyclist id="6896"/></team><team id="20"><cyclist id="6373"/><cyclist id="11325"/><cyclist id="139"/><cyclist id="14251"/><cyclist id="2464"/><cyclist id="14254"/><cyclist id="49"/></team><team id="24"><cyclist id="10164"/><cyclist id="7050"/><cyclist id="2268"/><cyclist id="14301"/><cyclist id="7635"/><cyclist id="6599"/><cyclist id="12923"/></team><team id="33"><cyclist id="7303"/><cyclist id="14064"/><cyclist id="14327"/><cyclist id="6386"/><cyclist id="3484"/><cyclist id="14183"/><cyclist id="10502"/></team><team id="34"><cyclist id="5106"/><cyclist id="3377"/><cyclist id="5318"/><cyclist id="3406"/><cyclist id="6972"/><cyclist id="6906"/><cyclist id="2317"/></team><team id="35"><cyclist id="6457"/><cyclist id="6346"/><cyclist id="6380"/><cyclist id="2407"/><cyclist id="10149"/><cyclist id="3341"/></team><team id="42"><cyclist id="2389"/><cyclist id="7298"/><cyclist id="14275"/><cyclist id="5752"/><cyclist id="7383"/><cyclist id="6201"/><cyclist id="6393"/></team><team id="92"><cyclist id="3672"/><cyclist id="6706"/><cyclist id="3698"/><cyclist id="2505"/><cyclist id="2510"/><cyclist id="6623"/><cyclist id="12123"/></team><team id="100"><cyclist id="14264"/><cyclist id="10571"/><cyclist id="6609"/><cyclist id="6311"/><cyclist id="6806"/><cyclist id="6584"/><cyclist id="11857"/></team><team id="207"><cyclist id="13165"/><cyclist id="3617"/><cyclist id="3461"/><cyclist id="13208"/><cyclist id="6677"/><cyclist id="6196"/><cyclist id="12431"/></team><team id="229"><cyclist id="6872"/><cyclist id="6334"/><cyclist id="2441"/><cyclist id="3291"/><cyclist id="7107"/><cyclist id="6904"/><cyclist id="11671"/></team><team id="210"><cyclist id="14354"/></team></startlist>
