<?xml version="1.0"?>
<startlist><team id="2"><cyclist id="2715"/><cyclist id="6913"/><cyclist id="3713"/><cyclist id="5965"/><cyclist id="178"/><cyclist id="14246"/><cyclist id="13351"/></team><team id="3"><cyclist id="5637"/><cyclist id="7391"/><cyclist id="5803"/><cyclist id="12743"/><cyclist id="5602"/><cyclist id="3925"/><cyclist id="3580"/></team><team id="5"><cyclist id="3945"/><cyclist id="6057"/><cyclist id="6309"/><cyclist id="1000"/><cyclist id="11172"/><cyclist id="6864"/><cyclist id="6643"/></team><team id="6"><cyclist id="1052"/><cyclist id="3098"/><cyclist id="13406"/><cyclist id="10151"/><cyclist id="2541"/><cyclist id="5617"/><cyclist id="7098"/></team><team id="8"><cyclist id="7285"/><cyclist id="13861"/><cyclist id="3347"/><cyclist id="6096"/><cyclist id="6061"/><cyclist id="6713"/><cyclist id="12184"/></team><team id="9"><cyclist id="7047"/><cyclist id="6252"/><cyclist id="6295"/><cyclist id="14291"/><cyclist id="3215"/><cyclist id="3863"/><cyclist id="11875"/></team><team id="10"><cyclist id="10946"/><cyclist id="14256"/><cyclist id="7301"/><cyclist id="1382"/><cyclist id="7468"/><cyclist id="14245"/><cyclist id="12546"/></team><team id="11"><cyclist id="1269"/><cyclist id="12774"/><cyclist id="3088"/><cyclist id="5852"/><cyclist id="7206"/><cyclist id="7384"/><cyclist id="6640"/></team><team id="15"><cyclist id="7192"/><cyclist id="6766"/><cyclist id="12639"/><cyclist id="111"/><cyclist id="5650"/><cyclist id="3741"/><cyclist id="5988"/></team><team id="16"><cyclist id="14268"/><cyclist id="5791"/><cyclist id="7154"/><cyclist id="2697"/><cyclist id="7302"/><cyclist id="2897"/><cyclist id="10948"/></team><team id="20"><cyclist id="11325"/><cyclist id="1975"/><cyclist id="2464"/><cyclist id="14254"/><cyclist id="14248"/><cyclist id="2895"/><cyclist id="49"/></team><team id="24"><cyclist id="7287"/><cyclist id="7050"/><cyclist id="7092"/><cyclist id="14301"/><cyclist id="7635"/><cyclist id="6897"/><cyclist id="12969"/></team><team id="33"><cyclist id="7303"/><cyclist id="6386"/><cyclist id="7040"/><cyclist id="14064"/><cyclist id="6629"/><cyclist id="7072"/><cyclist id="3777"/></team><team id="34"><cyclist id="5106"/><cyclist id="3377"/><cyclist id="3932"/><cyclist id="5318"/><cyclist id="6249"/><cyclist id="6972"/><cyclist id="6745"/></team><team id="35"><cyclist id="6346"/><cyclist id="2407"/><cyclist id="10149"/><cyclist id="5753"/><cyclist id="13469"/><cyclist id="13757"/><cyclist id="6086"/></team><team id="42"><cyclist id="5979"/><cyclist id="3024"/><cyclist id="300"/><cyclist id="5752"/><cyclist id="7156"/><cyclist id="6326"/><cyclist id="6895"/></team><team id="92"><cyclist id="13287"/><cyclist id="6623"/><cyclist id="12465"/><cyclist id="14318"/><cyclist id="2505"/><cyclist id="2510"/><cyclist id="3371"/></team><team id="100"><cyclist id="6609"/><cyclist id="6311"/><cyclist id="14143"/><cyclist id="6806"/><cyclist id="7037"/><cyclist id="6773"/><cyclist id="6183"/></team><team id="207"><cyclist id="3617"/><cyclist id="7130"/><cyclist id="6617"/><cyclist id="6677"/><cyclist id="12431"/><cyclist id="6312"/><cyclist id="12600"/></team><team id="229"><cyclist id="6872"/><cyclist id="3048"/><cyclist id="2441"/><cyclist id="6805"/><cyclist id="14302"/><cyclist id="13854"/><cyclist id="2695"/></team><team id="210"><cyclist id="14354"/></team></startlist>
