<?xml version="1.0"?>
<startlist><team id="1"><cyclist id="7065"/><cyclist id="11689"/><cyclist id="7389"/><cyclist id="12670"/><cyclist id="14188"/></team><team id="3"><cyclist id="12772"/><cyclist id="3760"/><cyclist id="11212"/><cyclist id="12743"/><cyclist id="7491"/></team><team id="5"><cyclist id="13453"/><cyclist id="14321"/><cyclist id="1000"/><cyclist id="7438"/><cyclist id="7621"/></team><team id="8"><cyclist id="13861"/><cyclist id="7563"/><cyclist id="1937"/></team><team id="9"><cyclist id="12073"/><cyclist id="7386"/><cyclist id="10906"/><cyclist id="11875"/><cyclist id="14231"/></team><team id="10"><cyclist id="12011"/><cyclist id="10946"/><cyclist id="536"/><cyclist id="7301"/><cyclist id="13195"/></team><team id="11"><cyclist id="12774"/><cyclist id="10949"/><cyclist id="7206"/><cyclist id="7384"/><cyclist id="12353"/></team><team id="12"><cyclist id="7153"/><cyclist id="7393"/><cyclist id="7221"/><cyclist id="937"/><cyclist id="13391"/></team><team id="14"><cyclist id="14324"/><cyclist id="14266"/><cyclist id="3158"/><cyclist id="14160"/><cyclist id="12738"/></team><team id="15"><cyclist id="7361"/><cyclist id="3879"/><cyclist id="12113"/><cyclist id="13318"/><cyclist id="3109"/></team><team id="16"><cyclist id="7076"/><cyclist id="12724"/><cyclist id="14268"/><cyclist id="7570"/><cyclist id="10948"/></team><team id="24"><cyclist id="10164"/><cyclist id="14322"/><cyclist id="7157"/><cyclist id="12969"/><cyclist id="12923"/></team><team id="33"><cyclist id="10502"/><cyclist id="14327"/><cyclist id="11759"/><cyclist id="14278"/><cyclist id="14253"/></team><team id="42"><cyclist id="7284"/><cyclist id="7358"/><cyclist id="7298"/><cyclist id="3103"/><cyclist id="12740"/></team><team id="92"><cyclist id="7490"/><cyclist id="12123"/><cyclist id="13287"/><cyclist id="7299"/><cyclist id="14318"/></team><team id="100"><cyclist id="10571"/><cyclist id="13472"/><cyclist id="7166"/><cyclist id="5834"/><cyclist id="13567"/></team><team id="210"><cyclist id="14354"/></team></startlist>
