<?xml version="1.0"?>
<startlist><team id="1"><cyclist id="5954"/><cyclist id="5981"/><cyclist id="5312"/><cyclist id="6125"/><cyclist id="14344"/><cyclist id="3973"/><cyclist id="6230"/></team><team id="2"><cyclist id="3360"/><cyclist id="3713"/><cyclist id="7088"/><cyclist id="6913"/><cyclist id="6762"/><cyclist id="3636"/><cyclist id="5804"/></team><team id="3"><cyclist id="5803"/><cyclist id="7391"/><cyclist id="5996"/><cyclist id="7649"/><cyclist id="10810"/><cyclist id="1381"/><cyclist id="5602"/></team><team id="5"><cyclist id="12448"/><cyclist id="3945"/><cyclist id="6057"/><cyclist id="7113"/><cyclist id="6309"/><cyclist id="11172"/><cyclist id="6864"/></team><team id="6"><cyclist id="13212"/><cyclist id="5744"/><cyclist id="5405"/><cyclist id="7098"/><cyclist id="3688"/><cyclist id="6538"/><cyclist id="6077"/></team><team id="8"><cyclist id="7372"/><cyclist id="3901"/><cyclist id="7032"/><cyclist id="7093"/><cyclist id="2858"/><cyclist id="6096"/><cyclist id="6713"/></team><team id="9"><cyclist id="6501"/><cyclist id="6570"/><cyclist id="2346"/><cyclist id="5958"/><cyclist id="2463"/><cyclist id="6569"/><cyclist id="2318"/></team><team id="10"><cyclist id="2626"/><cyclist id="3685"/><cyclist id="13485"/><cyclist id="6417"/><cyclist id="14256"/><cyclist id="6581"/><cyclist id="3148"/></team><team id="11"><cyclist id="6324"/><cyclist id="13438"/><cyclist id="1269"/><cyclist id="7082"/><cyclist id="7533"/><cyclist id="6372"/><cyclist id="2800"/></team><team id="12"><cyclist id="3902"/><cyclist id="3931"/><cyclist id="7278"/><cyclist id="7479"/><cyclist id="3397"/><cyclist id="6809"/><cyclist id="12182"/></team><team id="13"><cyclist id="3367"/><cyclist id="12076"/><cyclist id="12659"/><cyclist id="3994"/><cyclist id="770"/><cyclist id="6320"/><cyclist id="6387"/></team><team id="14"><cyclist id="5502"/><cyclist id="3701"/><cyclist id="5512"/><cyclist id="3566"/><cyclist id="7109"/><cyclist id="6375"/><cyclist id="2333"/></team><team id="15"><cyclist id="13452"/><cyclist id="5939"/><cyclist id="6784"/><cyclist id="5650"/><cyclist id="3741"/><cyclist id="5796"/><cyclist id="3714"/></team><team id="16"><cyclist id="5978"/><cyclist id="6384"/><cyclist id="5789"/><cyclist id="7154"/><cyclist id="6314"/><cyclist id="2897"/><cyclist id="6687"/></team><team id="20"><cyclist id="11331"/><cyclist id="6874"/><cyclist id="12145"/><cyclist id="5790"/><cyclist id="7133"/><cyclist id="6303"/><cyclist id="3579"/></team><team id="24"><cyclist id="12986"/><cyclist id="7287"/><cyclist id="7050"/><cyclist id="14301"/><cyclist id="6368"/><cyclist id="7061"/><cyclist id="6735"/></team><team id="33"><cyclist id="1939"/><cyclist id="3060"/><cyclist id="6386"/><cyclist id="14064"/><cyclist id="14343"/><cyclist id="7072"/><cyclist id="14183"/></team><team id="34"><cyclist id="7110"/><cyclist id="5318"/><cyclist id="3406"/><cyclist id="6027"/><cyclist id="3792"/><cyclist id="7305"/><cyclist id="7380"/></team><team id="42"><cyclist id="6331"/><cyclist id="2683"/><cyclist id="3024"/><cyclist id="300"/><cyclist id="7054"/><cyclist id="7156"/><cyclist id="6201"/></team><team id="92"><cyclist id="3257"/><cyclist id="2505"/><cyclist id="3361"/><cyclist id="7308"/><cyclist id="7306"/><cyclist id="5970"/><cyclist id="3672"/></team><team id="100"><cyclist id="2319"/><cyclist id="3392"/><cyclist id="7037"/><cyclist id="6183"/><cyclist id="6322"/><cyclist id="6330"/><cyclist id="11217"/></team><team id="207"><cyclist id="2544"/><cyclist id="13165"/><cyclist id="3146"/><cyclist id="3690"/><cyclist id="7161"/><cyclist id="6196"/><cyclist id="12600"/></team><team id="229"><cyclist id="1981"/><cyclist id="1913"/><cyclist id="3981"/><cyclist id="14323"/><cyclist id="3386"/><cyclist id="6904"/><cyclist id="2695"/></team><team id="210"><cyclist id="14354"/></team></startlist>
