<?xml version="1.0"?>
<startlist><team id="1"><cyclist id="6419"/><cyclist id="5711"/><cyclist id="5"/><cyclist id="6125"/><cyclist id="14344"/><cyclist id="2526"/><cyclist id="6230"/><cyclist id="12719"/></team><team id="2"><cyclist id="6750"/><cyclist id="7014"/><cyclist id="1978"/><cyclist id="5965"/><cyclist id="6395"/><cyclist id="6377"/><cyclist id="6771"/><cyclist id="7518"/></team><team id="3"><cyclist id="3368"/><cyclist id="2523"/><cyclist id="14285"/><cyclist id="5637"/><cyclist id="5996"/><cyclist id="7125"/><cyclist id="6462"/><cyclist id="12772"/></team><team id="5"><cyclist id="3763"/><cyclist id="12448"/><cyclist id="14321"/><cyclist id="3945"/><cyclist id="3442"/><cyclist id="6181"/><cyclist id="5732"/><cyclist id="7087"/></team><team id="6"><cyclist id="3363"/><cyclist id="13212"/><cyclist id="7129"/><cyclist id="3688"/><cyclist id="6188"/><cyclist id="2541"/><cyclist id="10768"/><cyclist id="5617"/></team><team id="8"><cyclist id="11637"/><cyclist id="7032"/><cyclist id="11230"/><cyclist id="6354"/><cyclist id="6096"/><cyclist id="5956"/><cyclist id="6713"/><cyclist id="12184"/></team><team id="9"><cyclist id="6300"/><cyclist id="3388"/><cyclist id="6501"/><cyclist id="566"/><cyclist id="2346"/><cyclist id="6295"/><cyclist id="3215"/><cyclist id="3863"/></team><team id="10"><cyclist id="3685"/><cyclist id="3820"/><cyclist id="1382"/><cyclist id="6367"/><cyclist id="3460"/><cyclist id="5303"/><cyclist id="7250"/><cyclist id="7354"/></team><team id="11"><cyclist id="6324"/><cyclist id="6764"/><cyclist id="3699"/><cyclist id="14247"/><cyclist id="7533"/><cyclist id="12353"/><cyclist id="7151"/><cyclist id="3271"/></team><team id="12"><cyclist id="2554"/><cyclist id="5999"/><cyclist id="3914"/><cyclist id="7479"/><cyclist id="7219"/><cyclist id="3390"/><cyclist id="7052"/><cyclist id="13391"/></team><team id="13"><cyclist id="13470"/><cyclist id="3044"/><cyclist id="770"/><cyclist id="14249"/><cyclist id="3883"/><cyclist id="3984"/><cyclist id="6304"/><cyclist id="3702"/></team><team id="14"><cyclist id="2452"/><cyclist id="13321"/><cyclist id="3334"/><cyclist id="11237"/><cyclist id="2713"/><cyclist id="3158"/><cyclist id="6720"/><cyclist id="5963"/></team><team id="15"><cyclist id="3779"/><cyclist id="7192"/><cyclist id="6766"/><cyclist id="7361"/><cyclist id="6208"/><cyclist id="6689"/><cyclist id="3109"/><cyclist id="2321"/></team><team id="16"><cyclist id="5978"/><cyclist id="7300"/><cyclist id="3708"/><cyclist id="5791"/><cyclist id="7634"/><cyclist id="2697"/><cyclist id="2698"/><cyclist id="2897"/></team><team id="20"><cyclist id="6874"/><cyclist id="11331"/><cyclist id="5663"/><cyclist id="7133"/><cyclist id="12430"/><cyclist id="3579"/><cyclist id="14248"/><cyclist id="49"/></team><team id="24"><cyclist id="3716"/><cyclist id="6392"/><cyclist id="3695"/><cyclist id="2268"/><cyclist id="7092"/><cyclist id="6735"/><cyclist id="5631"/><cyclist id="12923"/></team><team id="33"><cyclist id="12952"/><cyclist id="7040"/><cyclist id="6422"/><cyclist id="14343"/><cyclist id="14278"/><cyclist id="3060"/><cyclist id="7303"/><cyclist id="3662"/></team><team id="34"><cyclist id="7193"/><cyclist id="3932"/><cyclist id="6972"/><cyclist id="6745"/><cyclist id="3387"/><cyclist id="7126"/><cyclist id="6249"/><cyclist id="12709"/></team><team id="35"><cyclist id="2422"/><cyclist id="1947"/><cyclist id="3405"/><cyclist id="6380"/><cyclist id="12034"/><cyclist id="2949"/><cyclist id="11194"/><cyclist id="6086"/></team><team id="42"><cyclist id="2543"/><cyclist id="2683"/><cyclist id="7224"/><cyclist id="5412"/><cyclist id="7358"/><cyclist id="5752"/><cyclist id="7156"/><cyclist id="6326"/></team><team id="92"><cyclist id="3257"/><cyclist id="3957"/><cyclist id="6688"/><cyclist id="2510"/><cyclist id="2505"/><cyclist id="7308"/><cyclist id="7280"/><cyclist id="3371"/></team><team id="100"><cyclist id="5672"/><cyclist id="2319"/><cyclist id="3288"/><cyclist id="14264"/><cyclist id="10571"/><cyclist id="6609"/><cyclist id="6588"/><cyclist id="6806"/></team><team id="207"><cyclist id="2544"/><cyclist id="3687"/><cyclist id="4047"/><cyclist id="3461"/><cyclist id="7130"/><cyclist id="6617"/><cyclist id="1963"/><cyclist id="6312"/></team><team id="229"><cyclist id="6195"/><cyclist id="6872"/><cyclist id="3038"/><cyclist id="3372"/><cyclist id="3048"/><cyclist id="2802"/><cyclist id="3678"/><cyclist id="2525"/></team><team id="210"><cyclist id="14354"/></team></startlist>
