<?xml version="1.0"?>
<startlist><team id="1"><cyclist id="6777"/><cyclist id="5981"/><cyclist id="6131"/><cyclist id="3466"/><cyclist id="3803"/><cyclist id="3973"/><cyclist id="5112"/><cyclist id="6414"/></team><team id="2"><cyclist id="1978"/><cyclist id="7088"/><cyclist id="3924"/><cyclist id="6762"/><cyclist id="6771"/><cyclist id="3321"/><cyclist id="3636"/><cyclist id="5804"/></team><team id="5"><cyclist id="3705"/><cyclist id="5798"/><cyclist id="2074"/><cyclist id="2515"/><cyclist id="2548"/><cyclist id="6247"/><cyclist id="5732"/><cyclist id="7086"/></team><team id="6"><cyclist id="754"/><cyclist id="2327"/><cyclist id="13471"/><cyclist id="6994"/><cyclist id="11081"/><cyclist id="5744"/><cyclist id="11402"/><cyclist id="5405"/></team><team id="8"><cyclist id="3140"/><cyclist id="3232"/><cyclist id="2858"/><cyclist id="5990"/><cyclist id="14314"/><cyclist id="1937"/><cyclist id="7563"/><cyclist id="5899"/></team><team id="9"><cyclist id="6088"/><cyclist id="6570"/><cyclist id="14276"/><cyclist id="3916"/><cyclist id="2553"/><cyclist id="12991"/><cyclist id="2318"/><cyclist id="2714"/></team><team id="10"><cyclist id="2626"/><cyclist id="1992"/><cyclist id="6417"/><cyclist id="12011"/><cyclist id="7381"/><cyclist id="13485"/><cyclist id="536"/><cyclist id="13195"/></team><team id="11"><cyclist id="5955"/><cyclist id="2006"/><cyclist id="6335"/><cyclist id="6372"/><cyclist id="3817"/><cyclist id="6443"/><cyclist id="2800"/><cyclist id="2656"/></team><team id="12"><cyclist id="4"/><cyclist id="6350"/><cyclist id="264"/><cyclist id="12424"/><cyclist id="12674"/><cyclist id="6809"/><cyclist id="7370"/><cyclist id="7221"/></team><team id="13"><cyclist id="3915"/><cyclist id="7465"/><cyclist id="797"/><cyclist id="7064"/><cyclist id="6765"/><cyclist id="3994"/><cyclist id="5501"/><cyclist id="6387"/></team><team id="14"><cyclist id="5957"/><cyclist id="5502"/><cyclist id="5512"/><cyclist id="14160"/><cyclist id="7249"/><cyclist id="5963"/><cyclist id="3566"/><cyclist id="7109"/></team><team id="15"><cyclist id="5939"/><cyclist id="12449"/><cyclist id="6784"/><cyclist id="5649"/><cyclist id="5306"/><cyclist id="3714"/><cyclist id="7033"/><cyclist id="14274"/></team><team id="16"><cyclist id="3001"/><cyclist id="5101"/><cyclist id="11806"/><cyclist id="7076"/><cyclist id="5789"/><cyclist id="6115"/><cyclist id="6896"/><cyclist id="6687"/></team><team id="20"><cyclist id="5962"/><cyclist id="5507"/><cyclist id="5504"/><cyclist id="5790"/><cyclist id="139"/><cyclist id="6373"/><cyclist id="6303"/><cyclist id="3167"/></team><team id="33"><cyclist id="14253"/><cyclist id="11759"/><cyclist id="5675"/><cyclist id="7051"/><cyclist id="14327"/><cyclist id="6001"/><cyclist id="10502"/><cyclist id="12952"/></team><team id="34"><cyclist id="6253"/><cyclist id="5510"/><cyclist id="3792"/><cyclist id="7359"/><cyclist id="6027"/><cyclist id="1380"/><cyclist id="6200"/></team><team id="35"><cyclist id="6770"/><cyclist id="126"/><cyclist id="6971"/><cyclist id="7095"/><cyclist id="5966"/><cyclist id="5897"/><cyclist id="3067"/><cyclist id="10299"/></team><team id="42"><cyclist id="2543"/><cyclist id="6331"/><cyclist id="6799"/><cyclist id="7298"/><cyclist id="14275"/><cyclist id="7054"/><cyclist id="7383"/><cyclist id="6201"/></team><team id="92"><cyclist id="3280"/><cyclist id="2693"/><cyclist id="3672"/><cyclist id="5964"/><cyclist id="6706"/><cyclist id="5970"/><cyclist id="7490"/><cyclist id="7299"/></team><team id="100"><cyclist id="1922"/><cyclist id="14337"/><cyclist id="3392"/><cyclist id="13668"/><cyclist id="7117"/><cyclist id="6584"/><cyclist id="11217"/><cyclist id="11857"/></team><team id="207"><cyclist id="5633"/><cyclist id="6748"/><cyclist id="7090"/><cyclist id="3690"/><cyclist id="6920"/><cyclist id="7480"/><cyclist id="7255"/><cyclist id="11442"/></team><team id="229"><cyclist id="1074"/><cyclist id="1913"/><cyclist id="3197"/><cyclist id="6376"/><cyclist id="14323"/><cyclist id="6904"/><cyclist id="7517"/><cyclist id="14300"/></team><team id="210"><cyclist id="14354"/></team></startlist>
