<?xml version="1.0"?>
<startlist><team id="1"><cyclist id="5954"/><cyclist id="6131"/><cyclist id="5711"/><cyclist id="3973"/><cyclist id="6567"/><cyclist id="6230"/><cyclist id="6739"/></team><team id="2"><cyclist id="3365"/><cyclist id="3360"/><cyclist id="882"/><cyclist id="3713"/><cyclist id="5986"/><cyclist id="3321"/><cyclist id="7362"/></team><team id="3"><cyclist id="3125"/><cyclist id="4066"/><cyclist id="1381"/><cyclist id="3317"/><cyclist id="10810"/><cyclist id="7649"/><cyclist id="6374"/></team><team id="5"><cyclist id="3763"/><cyclist id="7087"/><cyclist id="14321"/><cyclist id="7438"/><cyclist id="6181"/><cyclist id="6742"/><cyclist id="7621"/></team><team id="9"><cyclist id="3388"/><cyclist id="3700"/><cyclist id="14276"/><cyclist id="2346"/><cyclist id="10906"/><cyclist id="11875"/><cyclist id="14231"/></team><team id="11"><cyclist id="7489"/><cyclist id="5943"/><cyclist id="6335"/><cyclist id="7082"/><cyclist id="10949"/><cyclist id="7151"/><cyclist id="2656"/></team><team id="12"><cyclist id="2554"/><cyclist id="7278"/><cyclist id="3914"/><cyclist id="5402"/><cyclist id="7219"/><cyclist id="7052"/><cyclist id="12182"/></team><team id="13"><cyclist id="3044"/><cyclist id="797"/><cyclist id="7064"/><cyclist id="5501"/><cyclist id="6248"/><cyclist id="6387"/><cyclist id="12659"/></team><team id="14"><cyclist id="5957"/><cyclist id="13321"/><cyclist id="7066"/><cyclist id="12738"/><cyclist id="3566"/><cyclist id="7109"/><cyclist id="3158"/></team><team id="15"><cyclist id="6327"/><cyclist id="12639"/><cyclist id="6208"/><cyclist id="3741"/><cyclist id="5678"/><cyclist id="5796"/><cyclist id="7432"/></team><team id="16"><cyclist id="6028"/><cyclist id="5101"/><cyclist id="12724"/><cyclist id="7154"/><cyclist id="2697"/><cyclist id="2698"/><cyclist id="2897"/></team><team id="20"><cyclist id="7089"/><cyclist id="5628"/><cyclist id="3630"/><cyclist id="7133"/><cyclist id="3153"/><cyclist id="14248"/><cyclist id="3579"/></team><team id="33"><cyclist id="6000"/><cyclist id="3662"/><cyclist id="12952"/><cyclist id="7072"/><cyclist id="6629"/><cyclist id="6422"/><cyclist id="7190"/></team><team id="34"><cyclist id="7193"/><cyclist id="11390"/><cyclist id="3932"/><cyclist id="12709"/><cyclist id="7305"/><cyclist id="7380"/><cyclist id="7126"/></team><team id="35"><cyclist id="2422"/><cyclist id="3481"/><cyclist id="6032"/><cyclist id="5753"/><cyclist id="12558"/><cyclist id="6086"/><cyclist id="10299"/></team><team id="42"><cyclist id="5750"/><cyclist id="6331"/><cyclist id="6692"/><cyclist id="5979"/><cyclist id="300"/><cyclist id="7156"/><cyclist id="6895"/></team><team id="92"><cyclist id="3280"/><cyclist id="13415"/><cyclist id="12465"/><cyclist id="7299"/><cyclist id="7308"/><cyclist id="13287"/><cyclist id="6688"/></team><team id="100"><cyclist id="1922"/><cyclist id="6588"/><cyclist id="7037"/><cyclist id="6183"/><cyclist id="6322"/><cyclist id="13567"/><cyclist id="5834"/></team><team id="207"><cyclist id="3687"/><cyclist id="3146"/><cyclist id="12787"/><cyclist id="7161"/><cyclist id="7480"/><cyclist id="12600"/><cyclist id="7094"/></team><team id="229"><cyclist id="6195"/><cyclist id="3628"/><cyclist id="3372"/><cyclist id="5735"/><cyclist id="3197"/><cyclist id="3678"/><cyclist id="3386"/></team><team id="210"><cyclist id="14354"/></team></startlist>
