<?xml version="1.0"?>
<startlist><team id="1"><cyclist id="11689"/><cyclist id="5"/><cyclist id="14344"/><cyclist id="6125"/><cyclist id="12670"/><cyclist id="6230"/><cyclist id="1986"/></team><team id="2"><cyclist id="3365"/><cyclist id="3360"/><cyclist id="882"/><cyclist id="6913"/><cyclist id="2715"/><cyclist id="12960"/><cyclist id="699"/></team><team id="3"><cyclist id="5803"/><cyclist id="3760"/><cyclist id="3317"/><cyclist id="12743"/><cyclist id="6374"/><cyclist id="5602"/><cyclist id="3125"/></team><team id="5"><cyclist id="3763"/><cyclist id="6057"/><cyclist id="7113"/><cyclist id="5644"/><cyclist id="1000"/><cyclist id="11518"/><cyclist id="2850"/></team><team id="8"><cyclist id="11637"/><cyclist id="7372"/><cyclist id="7285"/><cyclist id="3347"/><cyclist id="11230"/><cyclist id="3369"/><cyclist id="12184"/></team><team id="9"><cyclist id="3388"/><cyclist id="566"/><cyclist id="5958"/><cyclist id="5635"/><cyclist id="12073"/><cyclist id="10906"/><cyclist id="14231"/></team><team id="11"><cyclist id="6324"/><cyclist id="7489"/><cyclist id="3041"/><cyclist id="7082"/><cyclist id="7151"/><cyclist id="7206"/><cyclist id="7384"/></team><team id="12"><cyclist id="3902"/><cyclist id="7278"/><cyclist id="1008"/><cyclist id="3397"/><cyclist id="7393"/><cyclist id="7052"/><cyclist id="12182"/></team><team id="13"><cyclist id="12076"/><cyclist id="3367"/><cyclist id="12659"/><cyclist id="1948"/><cyclist id="7158"/><cyclist id="6099"/><cyclist id="6879"/></team><team id="14"><cyclist id="2452"/><cyclist id="3362"/><cyclist id="7066"/><cyclist id="6375"/><cyclist id="14266"/><cyclist id="3917"/><cyclist id="6720"/></team><team id="15"><cyclist id="6327"/><cyclist id="13452"/><cyclist id="111"/><cyclist id="5988"/><cyclist id="12113"/><cyclist id="13318"/><cyclist id="5678"/></team><team id="16"><cyclist id="5978"/><cyclist id="7307"/><cyclist id="6314"/><cyclist id="6384"/><cyclist id="12724"/><cyclist id="7570"/><cyclist id="2698"/></team><team id="20"><cyclist id="11331"/><cyclist id="6874"/><cyclist id="11325"/><cyclist id="3630"/><cyclist id="12430"/><cyclist id="2464"/><cyclist id="14254"/></team><team id="24"><cyclist id="6548"/><cyclist id="12986"/><cyclist id="10164"/><cyclist id="7287"/><cyclist id="6897"/><cyclist id="7061"/><cyclist id="6735"/></team><team id="33"><cyclist id="14338"/><cyclist id="14064"/><cyclist id="6000"/><cyclist id="14183"/><cyclist id="3777"/><cyclist id="7190"/><cyclist id="6629"/></team><team id="34"><cyclist id="7110"/><cyclist id="5106"/><cyclist id="5318"/><cyclist id="3406"/><cyclist id="2317"/><cyclist id="7010"/><cyclist id="5310"/></team><team id="35"><cyclist id="6346"/><cyclist id="2407"/><cyclist id="10149"/><cyclist id="12558"/><cyclist id="3341"/><cyclist id="6086"/><cyclist id="13468"/></team><team id="42"><cyclist id="2683"/><cyclist id="2389"/><cyclist id="5979"/><cyclist id="5412"/><cyclist id="300"/><cyclist id="5752"/><cyclist id="12740"/></team><team id="92"><cyclist id="3257"/><cyclist id="7280"/><cyclist id="7306"/><cyclist id="4048"/><cyclist id="14318"/><cyclist id="7308"/><cyclist id="3957"/></team><team id="100"><cyclist id="2319"/><cyclist id="6311"/><cyclist id="13472"/><cyclist id="6183"/><cyclist id="6322"/><cyclist id="7166"/><cyclist id="5834"/></team><team id="207"><cyclist id="3617"/><cyclist id="3687"/><cyclist id="13165"/><cyclist id="12787"/><cyclist id="7094"/><cyclist id="1963"/><cyclist id="6677"/></team><team id="229"><cyclist id="1981"/><cyclist id="5735"/><cyclist id="6334"/><cyclist id="2441"/><cyclist id="3291"/><cyclist id="7107"/><cyclist id="11671"/></team><team id="210"><cyclist id="14354"/></team></startlist>
