<?xml version="1.0"?>
<startlist><team id="1"><cyclist id="13354"/><cyclist id="2853"/><cyclist id="12670"/><cyclist id="14188"/><cyclist id="1986"/><cyclist id="7197"/><cyclist id="6739"/></team><team id="2"><cyclist id="3365"/><cyclist id="3360"/><cyclist id="882"/><cyclist id="3713"/><cyclist id="7014"/><cyclist id="178"/><cyclist id="2715"/></team><team id="3"><cyclist id="3125"/><cyclist id="7073"/><cyclist id="1381"/><cyclist id="5803"/><cyclist id="12743"/><cyclist id="6462"/><cyclist id="3925"/></team><team id="5"><cyclist id="12448"/><cyclist id="13453"/><cyclist id="3442"/><cyclist id="6309"/><cyclist id="7068"/><cyclist id="1000"/><cyclist id="7438"/></team><team id="6"><cyclist id="13212"/><cyclist id="6188"/><cyclist id="7098"/><cyclist id="10151"/><cyclist id="5617"/><cyclist id="7129"/><cyclist id="10768"/></team><team id="8"><cyclist id="3564"/><cyclist id="11637"/><cyclist id="7285"/><cyclist id="14306"/><cyclist id="3788"/><cyclist id="3347"/><cyclist id="6061"/></team><team id="9"><cyclist id="6501"/><cyclist id="5958"/><cyclist id="7047"/><cyclist id="5635"/><cyclist id="6569"/><cyclist id="3215"/><cyclist id="12073"/></team><team id="10"><cyclist id="3685"/><cyclist id="3820"/><cyclist id="6436"/><cyclist id="7301"/><cyclist id="6357"/><cyclist id="7468"/><cyclist id="7304"/></team><team id="11"><cyclist id="6764"/><cyclist id="5943"/><cyclist id="3699"/><cyclist id="5852"/><cyclist id="1269"/><cyclist id="6640"/><cyclist id="6324"/></team><team id="12"><cyclist id="7278"/><cyclist id="5402"/><cyclist id="7393"/><cyclist id="937"/><cyclist id="12182"/><cyclist id="7153"/><cyclist id="3931"/></team><team id="13"><cyclist id="13470"/><cyclist id="3044"/><cyclist id="6248"/><cyclist id="6320"/><cyclist id="6099"/><cyclist id="1303"/><cyclist id="3702"/></team><team id="14"><cyclist id="3362"/><cyclist id="3701"/><cyclist id="3445"/><cyclist id="6175"/><cyclist id="14266"/><cyclist id="2333"/><cyclist id="12738"/></team><team id="15"><cyclist id="3779"/><cyclist id="6766"/><cyclist id="111"/><cyclist id="12113"/><cyclist id="13318"/><cyclist id="5678"/><cyclist id="5796"/></team><team id="16"><cyclist id="5978"/><cyclist id="3708"/><cyclist id="3382"/><cyclist id="5791"/><cyclist id="7154"/><cyclist id="6314"/><cyclist id="6384"/></team><team id="20"><cyclist id="11331"/><cyclist id="6874"/><cyclist id="14251"/><cyclist id="5628"/><cyclist id="2464"/><cyclist id="3153"/><cyclist id="2895"/></team><team id="24"><cyclist id="12986"/><cyclist id="14322"/><cyclist id="6368"/><cyclist id="7157"/><cyclist id="6735"/><cyclist id="6599"/><cyclist id="12969"/></team><team id="33"><cyclist id="1939"/><cyclist id="7040"/><cyclist id="14183"/><cyclist id="7122"/><cyclist id="6386"/><cyclist id="7190"/><cyclist id="6629"/></team><team id="34"><cyclist id="7110"/><cyclist id="11390"/><cyclist id="5106"/><cyclist id="5318"/><cyclist id="3406"/><cyclist id="6906"/><cyclist id="2317"/></team><team id="35"><cyclist id="1947"/><cyclist id="3405"/><cyclist id="6346"/><cyclist id="6380"/><cyclist id="2407"/><cyclist id="10149"/><cyclist id="12558"/></team><team id="42"><cyclist id="5750"/><cyclist id="2389"/><cyclist id="5979"/><cyclist id="5412"/><cyclist id="5752"/><cyclist id="6326"/><cyclist id="6895"/></team><team id="92"><cyclist id="3404"/><cyclist id="6508"/><cyclist id="3698"/><cyclist id="2505"/><cyclist id="12465"/><cyclist id="7280"/><cyclist id="3957"/></team><team id="100"><cyclist id="2319"/><cyclist id="14264"/><cyclist id="6311"/><cyclist id="6588"/><cyclist id="7037"/><cyclist id="6183"/><cyclist id="6322"/></team><team id="207"><cyclist id="2544"/><cyclist id="3687"/><cyclist id="4047"/><cyclist id="3461"/><cyclist id="7130"/><cyclist id="13208"/><cyclist id="1963"/></team><team id="229"><cyclist id="3628"/><cyclist id="5735"/><cyclist id="2441"/><cyclist id="6334"/><cyclist id="3291"/><cyclist id="14302"/><cyclist id="2695"/></team><team id="210"><cyclist id="14354"/></team></startlist>
