<?xml version="1.0"?>
<startlist><team id="1"><cyclist id="6777"/><cyclist id="13354"/><cyclist id="2853"/><cyclist id="14344"/><cyclist id="2526"/><cyclist id="12719"/><cyclist id="7197"/></team><team id="2"><cyclist id="6750"/><cyclist id="3924"/><cyclist id="7014"/><cyclist id="14246"/><cyclist id="2799"/><cyclist id="699"/><cyclist id="12960"/></team><team id="3"><cyclist id="2523"/><cyclist id="7073"/><cyclist id="3580"/><cyclist id="11212"/><cyclist id="7100"/><cyclist id="7125"/><cyclist id="3925"/></team><team id="5"><cyclist id="3705"/><cyclist id="2074"/><cyclist id="2850"/><cyclist id="7068"/><cyclist id="1000"/><cyclist id="5644"/><cyclist id="7086"/></team><team id="6"><cyclist id="754"/><cyclist id="13471"/><cyclist id="7098"/><cyclist id="2845"/><cyclist id="11081"/><cyclist id="13406"/><cyclist id="7472"/></team><team id="8"><cyclist id="3140"/><cyclist id="11207"/><cyclist id="3232"/><cyclist id="6354"/><cyclist id="3398"/><cyclist id="2858"/><cyclist id="6061"/></team><team id="9"><cyclist id="566"/><cyclist id="6570"/><cyclist id="2463"/><cyclist id="2553"/><cyclist id="3863"/><cyclist id="7386"/><cyclist id="2714"/></team><team id="10"><cyclist id="6417"/><cyclist id="6367"/><cyclist id="6357"/><cyclist id="5303"/><cyclist id="7250"/><cyclist id="7468"/><cyclist id="14245"/></team><team id="11"><cyclist id="5955"/><cyclist id="6443"/><cyclist id="6372"/><cyclist id="3817"/><cyclist id="12353"/><cyclist id="3271"/><cyclist id="3041"/></team><team id="12"><cyclist id="7091"/><cyclist id="3902"/><cyclist id="5999"/><cyclist id="6809"/><cyclist id="7370"/><cyclist id="6517"/><cyclist id="937"/></team><team id="13"><cyclist id="13420"/><cyclist id="1948"/><cyclist id="3915"/><cyclist id="432"/><cyclist id="6765"/><cyclist id="7465"/><cyclist id="5765"/></team><team id="14"><cyclist id="3842"/><cyclist id="5502"/><cyclist id="3026"/><cyclist id="14324"/><cyclist id="3334"/><cyclist id="2713"/><cyclist id="6720"/></team><team id="15"><cyclist id="5939"/><cyclist id="12449"/><cyclist id="3879"/><cyclist id="5650"/><cyclist id="6967"/><cyclist id="12113"/><cyclist id="13318"/></team><team id="16"><cyclist id="7300"/><cyclist id="3708"/><cyclist id="5942"/><cyclist id="6384"/><cyclist id="5789"/><cyclist id="7634"/><cyclist id="6687"/></team><team id="20"><cyclist id="2046"/><cyclist id="12145"/><cyclist id="5663"/><cyclist id="1975"/><cyclist id="11325"/><cyclist id="5790"/><cyclist id="3167"/></team><team id="24"><cyclist id="3716"/><cyclist id="12986"/><cyclist id="6392"/><cyclist id="7050"/><cyclist id="7092"/><cyclist id="3028"/><cyclist id="6368"/></team><team id="33"><cyclist id="5675"/><cyclist id="7051"/><cyclist id="3484"/><cyclist id="14343"/><cyclist id="6386"/><cyclist id="3060"/><cyclist id="7122"/></team><team id="34"><cyclist id="6253"/><cyclist id="3387"/><cyclist id="7010"/><cyclist id="2317"/><cyclist id="5510"/><cyclist id="1380"/><cyclist id="14062"/></team><team id="42"><cyclist id="2683"/><cyclist id="6313"/><cyclist id="2389"/><cyclist id="7224"/><cyclist id="7054"/><cyclist id="3103"/><cyclist id="6393"/></team><team id="92"><cyclist id="2693"/><cyclist id="13466"/><cyclist id="6738"/><cyclist id="3361"/><cyclist id="6623"/><cyclist id="5964"/><cyclist id="6706"/></team><team id="100"><cyclist id="5672"/><cyclist id="3288"/><cyclist id="7382"/><cyclist id="6773"/><cyclist id="2069"/><cyclist id="6843"/><cyclist id="11857"/></team><team id="207"><cyclist id="6748"/><cyclist id="3300"/><cyclist id="6617"/><cyclist id="1963"/><cyclist id="6920"/><cyclist id="7255"/><cyclist id="11442"/></team><team id="229"><cyclist id="1074"/><cyclist id="3048"/><cyclist id="2441"/><cyclist id="2525"/><cyclist id="6376"/><cyclist id="14302"/><cyclist id="13854"/></team><team id="210"><cyclist id="14354"/></team></startlist>
