<?xml version="1.0"?>
<startlist><team id="1"><cyclist id="7065"/><cyclist id="5312"/><cyclist id="12670"/><cyclist id="14188"/><cyclist id="1986"/><cyclist id="7197"/><cyclist id="6739"/></team><team id="2"><cyclist id="3365"/><cyclist id="3360"/><cyclist id="882"/><cyclist id="7014"/><cyclist id="2715"/><cyclist id="2799"/><cyclist id="13176"/></team><team id="3"><cyclist id="3125"/><cyclist id="3925"/><cyclist id="6462"/><cyclist id="5803"/><cyclist id="7391"/><cyclist id="7491"/><cyclist id="7649"/></team><team id="5"><cyclist id="7087"/><cyclist id="7113"/><cyclist id="2850"/><cyclist id="7438"/><cyclist id="6181"/><cyclist id="6742"/><cyclist id="7621"/></team><team id="6"><cyclist id="3363"/><cyclist id="13212"/><cyclist id="7129"/><cyclist id="2845"/><cyclist id="10768"/><cyclist id="13467"/><cyclist id="7098"/></team><team id="8"><cyclist id="3564"/><cyclist id="11637"/><cyclist id="14306"/><cyclist id="7093"/><cyclist id="3398"/><cyclist id="3369"/><cyclist id="5956"/></team><team id="9"><cyclist id="6501"/><cyclist id="2346"/><cyclist id="2463"/><cyclist id="6252"/><cyclist id="3215"/><cyclist id="10906"/><cyclist id="11875"/></team><team id="10"><cyclist id="3685"/><cyclist id="3820"/><cyclist id="3460"/><cyclist id="3148"/><cyclist id="14245"/><cyclist id="12546"/><cyclist id="7304"/></team><team id="11"><cyclist id="6764"/><cyclist id="5943"/><cyclist id="6324"/><cyclist id="3699"/><cyclist id="1269"/><cyclist id="7533"/><cyclist id="7151"/></team><team id="12"><cyclist id="3022"/><cyclist id="5999"/><cyclist id="3914"/><cyclist id="7479"/><cyclist id="7219"/><cyclist id="3390"/><cyclist id="13391"/></team><team id="13"><cyclist id="12076"/><cyclist id="3044"/><cyclist id="5765"/><cyclist id="6248"/><cyclist id="7158"/><cyclist id="6879"/><cyclist id="3883"/></team><team id="14"><cyclist id="3362"/><cyclist id="3701"/><cyclist id="6407"/><cyclist id="13321"/><cyclist id="3334"/><cyclist id="3917"/><cyclist id="3158"/></team><team id="15"><cyclist id="6327"/><cyclist id="13452"/><cyclist id="7192"/><cyclist id="12639"/><cyclist id="7361"/><cyclist id="5650"/><cyclist id="6689"/></team><team id="16"><cyclist id="5978"/><cyclist id="3708"/><cyclist id="6028"/><cyclist id="5942"/><cyclist id="7307"/><cyclist id="14268"/><cyclist id="2697"/></team><team id="20"><cyclist id="11331"/><cyclist id="11325"/><cyclist id="14251"/><cyclist id="3153"/><cyclist id="3579"/><cyclist id="14254"/><cyclist id="14248"/></team><team id="24"><cyclist id="6548"/><cyclist id="12986"/><cyclist id="3695"/><cyclist id="14301"/><cyclist id="7635"/><cyclist id="6897"/><cyclist id="12923"/></team><team id="33"><cyclist id="1939"/><cyclist id="14183"/><cyclist id="3060"/><cyclist id="3484"/><cyclist id="6629"/><cyclist id="14343"/><cyclist id="7190"/></team><team id="34"><cyclist id="3387"/><cyclist id="5106"/><cyclist id="3377"/><cyclist id="3406"/><cyclist id="5318"/><cyclist id="6906"/><cyclist id="7010"/></team><team id="35"><cyclist id="3405"/><cyclist id="6457"/><cyclist id="6346"/><cyclist id="6380"/><cyclist id="12558"/><cyclist id="1947"/><cyclist id="11194"/></team><team id="42"><cyclist id="2683"/><cyclist id="2389"/><cyclist id="3024"/><cyclist id="5412"/><cyclist id="3103"/><cyclist id="6393"/><cyclist id="6895"/></team><team id="92"><cyclist id="3404"/><cyclist id="13287"/><cyclist id="6623"/><cyclist id="12465"/><cyclist id="7306"/><cyclist id="14318"/><cyclist id="2505"/></team><team id="100"><cyclist id="5672"/><cyclist id="3288"/><cyclist id="6311"/><cyclist id="7382"/><cyclist id="13472"/><cyclist id="6773"/><cyclist id="13567"/></team><team id="207"><cyclist id="3687"/><cyclist id="4047"/><cyclist id="13165"/><cyclist id="3300"/><cyclist id="12787"/><cyclist id="13208"/><cyclist id="3942"/></team><team id="229"><cyclist id="3628"/><cyclist id="1981"/><cyclist id="6334"/><cyclist id="2441"/><cyclist id="7107"/><cyclist id="6805"/><cyclist id="11671"/></team><team id="210"><cyclist id="14354"/></team></startlist>
