<?xml version="1.0"?>
<startlist><team id="1"><cyclist id="5954"/><cyclist id="5312"/><cyclist id="6567"/><cyclist id="12670"/><cyclist id="14188"/><cyclist id="1986"/><cyclist id="6739"/></team><team id="2"><cyclist id="3365"/><cyclist id="3360"/><cyclist id="6056"/><cyclist id="882"/><cyclist id="7088"/><cyclist id="6913"/><cyclist id="5804"/></team><team id="3"><cyclist id="3125"/><cyclist id="7649"/><cyclist id="7073"/><cyclist id="11212"/><cyclist id="12743"/><cyclist id="7391"/><cyclist id="7125"/></team><team id="5"><cyclist id="6057"/><cyclist id="3945"/><cyclist id="7113"/><cyclist id="6309"/><cyclist id="2548"/><cyclist id="11172"/><cyclist id="6864"/></team><team id="6"><cyclist id="2327"/><cyclist id="5744"/><cyclist id="5405"/><cyclist id="7098"/><cyclist id="3688"/><cyclist id="6538"/><cyclist id="6077"/></team><team id="8"><cyclist id="3564"/><cyclist id="13861"/><cyclist id="3347"/><cyclist id="5990"/><cyclist id="3369"/><cyclist id="11230"/><cyclist id="5899"/></team><team id="9"><cyclist id="3388"/><cyclist id="6501"/><cyclist id="5958"/><cyclist id="6295"/><cyclist id="3916"/><cyclist id="3863"/><cyclist id="2318"/></team><team id="10"><cyclist id="2626"/><cyclist id="3820"/><cyclist id="14256"/><cyclist id="3460"/><cyclist id="7250"/><cyclist id="3854"/><cyclist id="14245"/></team><team id="11"><cyclist id="6764"/><cyclist id="3041"/><cyclist id="3699"/><cyclist id="1269"/><cyclist id="2800"/><cyclist id="12774"/><cyclist id="2656"/></team><team id="12"><cyclist id="3931"/><cyclist id="7153"/><cyclist id="5402"/><cyclist id="1008"/><cyclist id="3397"/><cyclist id="937"/><cyclist id="3390"/></team><team id="13"><cyclist id="13470"/><cyclist id="3915"/><cyclist id="797"/><cyclist id="3883"/><cyclist id="13420"/><cyclist id="3984"/><cyclist id="3702"/></team><team id="14"><cyclist id="2452"/><cyclist id="3362"/><cyclist id="3334"/><cyclist id="3701"/><cyclist id="5512"/><cyclist id="6175"/><cyclist id="14266"/></team><team id="15"><cyclist id="6208"/><cyclist id="5650"/><cyclist id="6967"/><cyclist id="3741"/><cyclist id="2321"/><cyclist id="7033"/><cyclist id="7432"/></team><team id="16"><cyclist id="5942"/><cyclist id="3708"/><cyclist id="3001"/><cyclist id="7154"/><cyclist id="2697"/><cyclist id="12724"/><cyclist id="6115"/></team><team id="20"><cyclist id="7089"/><cyclist id="6874"/><cyclist id="5504"/><cyclist id="3630"/><cyclist id="7133"/><cyclist id="2464"/><cyclist id="3579"/></team><team id="24"><cyclist id="6548"/><cyclist id="12986"/><cyclist id="7287"/><cyclist id="14301"/><cyclist id="3028"/><cyclist id="6897"/><cyclist id="12969"/></team><team id="33"><cyclist id="1939"/><cyclist id="12952"/><cyclist id="7303"/><cyclist id="3859"/><cyclist id="6001"/><cyclist id="7190"/><cyclist id="3777"/></team><team id="34"><cyclist id="3387"/><cyclist id="7110"/><cyclist id="5106"/><cyclist id="3406"/><cyclist id="6906"/><cyclist id="6027"/><cyclist id="2317"/></team><team id="35"><cyclist id="1947"/><cyclist id="3405"/><cyclist id="6346"/><cyclist id="6380"/><cyclist id="10149"/><cyclist id="11194"/><cyclist id="13757"/></team><team id="42"><cyclist id="2683"/><cyclist id="6313"/><cyclist id="7284"/><cyclist id="14275"/><cyclist id="5752"/><cyclist id="7156"/><cyclist id="12740"/></team><team id="92"><cyclist id="3404"/><cyclist id="13287"/><cyclist id="6623"/><cyclist id="7308"/><cyclist id="6738"/><cyclist id="3672"/><cyclist id="7299"/></team><team id="100"><cyclist id="2319"/><cyclist id="6609"/><cyclist id="6773"/><cyclist id="6183"/><cyclist id="6322"/><cyclist id="7166"/><cyclist id="13567"/></team><team id="207"><cyclist id="2544"/><cyclist id="6677"/><cyclist id="13208"/><cyclist id="6617"/><cyclist id="6196"/><cyclist id="12431"/><cyclist id="6312"/></team><team id="229"><cyclist id="1981"/><cyclist id="3628"/><cyclist id="5735"/><cyclist id="3291"/><cyclist id="6805"/><cyclist id="2802"/><cyclist id="11671"/></team><team id="210"><cyclist id="14354"/></team></startlist>
