<?xml version="1.0"?>
<startlist><team id="1"><cyclist id="6777"/><cyclist id="7065"/><cyclist id="6131"/><cyclist id="3973"/><cyclist id="6567"/><cyclist id="6230"/><cyclist id="6125"/></team><team id="2"><cyclist id="3365"/><cyclist id="6750"/><cyclist id="3360"/><cyclist id="6056"/><cyclist id="882"/><cyclist id="7014"/><cyclist id="2715"/></team><team id="3"><cyclist id="4066"/><cyclist id="3760"/><cyclist id="6374"/><cyclist id="5602"/><cyclist id="3925"/><cyclist id="7649"/><cyclist id="3125"/></team><team id="5"><cyclist id="3763"/><cyclist id="3705"/><cyclist id="5798"/><cyclist id="1000"/><cyclist id="7438"/><cyclist id="6181"/><cyclist id="5644"/></team><team id="6"><cyclist id="754"/><cyclist id="3363"/><cyclist id="13212"/><cyclist id="6994"/><cyclist id="2845"/><cyclist id="6538"/><cyclist id="7472"/></team><team id="8"><cyclist id="7372"/><cyclist id="7032"/><cyclist id="11207"/><cyclist id="7093"/><cyclist id="3398"/><cyclist id="5956"/><cyclist id="6713"/></team><team id="9"><cyclist id="6501"/><cyclist id="3700"/><cyclist id="6088"/><cyclist id="5958"/><cyclist id="2463"/><cyclist id="2553"/><cyclist id="2714"/></team><team id="10"><cyclist id="3685"/><cyclist id="6417"/><cyclist id="6367"/><cyclist id="6581"/><cyclist id="5303"/><cyclist id="7468"/><cyclist id="14245"/></team><team id="11"><cyclist id="5955"/><cyclist id="6764"/><cyclist id="5943"/><cyclist id="2006"/><cyclist id="2656"/><cyclist id="3817"/><cyclist id="12353"/></team><team id="12"><cyclist id="7091"/><cyclist id="2554"/><cyclist id="6350"/><cyclist id="3914"/><cyclist id="7479"/><cyclist id="12674"/><cyclist id="7221"/></team><team id="13"><cyclist id="3044"/><cyclist id="3915"/><cyclist id="12076"/><cyclist id="432"/><cyclist id="770"/><cyclist id="6099"/><cyclist id="6879"/></team><team id="14"><cyclist id="3362"/><cyclist id="5502"/><cyclist id="3842"/><cyclist id="5957"/><cyclist id="13321"/><cyclist id="3701"/><cyclist id="7249"/></team><team id="15"><cyclist id="6327"/><cyclist id="13452"/><cyclist id="111"/><cyclist id="5988"/><cyclist id="12113"/><cyclist id="13318"/><cyclist id="5678"/></team><team id="16"><cyclist id="5978"/><cyclist id="3001"/><cyclist id="6115"/><cyclist id="2697"/><cyclist id="12724"/><cyclist id="7570"/><cyclist id="10948"/></team><team id="20"><cyclist id="2046"/><cyclist id="5962"/><cyclist id="5507"/><cyclist id="5504"/><cyclist id="5663"/><cyclist id="5790"/><cyclist id="139"/></team><team id="24"><cyclist id="3716"/><cyclist id="12986"/><cyclist id="5984"/><cyclist id="10164"/><cyclist id="2268"/><cyclist id="7061"/><cyclist id="6735"/></team><team id="33"><cyclist id="1939"/><cyclist id="6001"/><cyclist id="3662"/><cyclist id="14064"/><cyclist id="6000"/><cyclist id="14253"/><cyclist id="7072"/></team><team id="34"><cyclist id="7110"/><cyclist id="11390"/><cyclist id="5106"/><cyclist id="7193"/><cyclist id="2317"/><cyclist id="7010"/><cyclist id="7359"/></team><team id="35"><cyclist id="1947"/><cyclist id="2422"/><cyclist id="3405"/><cyclist id="10149"/><cyclist id="12558"/><cyclist id="6086"/><cyclist id="10299"/></team><team id="42"><cyclist id="5750"/><cyclist id="6331"/><cyclist id="2389"/><cyclist id="6692"/><cyclist id="6799"/><cyclist id="7224"/><cyclist id="300"/></team><team id="92"><cyclist id="3257"/><cyclist id="3280"/><cyclist id="7299"/><cyclist id="5964"/><cyclist id="6706"/><cyclist id="3957"/><cyclist id="2505"/></team><team id="100"><cyclist id="5672"/><cyclist id="14264"/><cyclist id="6311"/><cyclist id="13472"/><cyclist id="3392"/><cyclist id="6773"/><cyclist id="7166"/></team><team id="207"><cyclist id="3687"/><cyclist id="4047"/><cyclist id="13165"/><cyclist id="3300"/><cyclist id="3146"/><cyclist id="12787"/><cyclist id="13208"/></team><team id="229"><cyclist id="6195"/><cyclist id="3628"/><cyclist id="1074"/><cyclist id="6334"/><cyclist id="7107"/><cyclist id="6376"/><cyclist id="14300"/></team><team id="210"><cyclist id="14354"/></team></startlist>
